precinct,category,name,address,neighborhood,phone,website,email,hours,owner,owner_phone,community_friendly,notes
P01,Bar/Nightlife,"MOODY'S RESTAURANT, INC.",5908 N BROADWAY  1ST,EDGEWATER,,,,,,,False,
P01,Bar/Nightlife,Moody's Pub,5910 North Broadway,,(773) 329-5694,http://moodyspub.com/,,,,,False,
P01,Beauty/Salon,FATHER AND SON BARBERSHOP,5806 N BROADWAY,EDGEWATER,(773) 784-6845,https://www.fatherandsonbarbershop.com/,,,,,False,
P01,Beauty/Salon,Father and Son Barber Shop,5806 North Broadway,EDGEWATER,(773) 784-6845,https://www.fatherandsonbarbershop.com/,,,,,False,
P01,Beauty/Salon,NEAR U NAIL SALON,5856 N BROADWAY  1ST,EDGEWATER,,,,,,,False,
P01,Financial,Fifth Third Bank,5922 North Broadway,,,,,Mo-Th 09:00-17:30; Fr 09:00-18:00; Sa 09:00-14:00,,,False,
P01,Other Business,AARON OWENS,1211 W ELMDALE AVE 1ST 1,EDGEWATER,,,,,,,False,
P01,Other Business,"ADAPT/RE:ADAPT PRESERVATION AND CONSERVATION, LLC",1248 W ARDMORE AVE,EDGEWATER,,,,,,,False,
P01,Other Business,ALEX NOEL MILLER,5806 N BROADWAY  2 2,EDGEWATER,,,,,,,False,
P01,Other Business,ARDMORE GLASS CO.,5826 N BROADWAY,EDGEWATER,,,,,,,False,
P01,Other Business,COLLEEN PRENDERGAST,"1259 W VICTORIA ST BSMT, 2ND",EDGEWATER,,,,,,,False,
P01,Other Business,DIGNISSIM ACCOUNTING,1286 W EARLY AVE 1 APT 1 A,EDGEWATER,,,,,,,False,
P01,Other Business,"Exposition Flooring Design Center, Inc",5718 N BROADWAY   1,EDGEWATER,,,,,,,False,
P01,Other Business,"HOUSE 5863, INC.",5863 N GLENWOOD AVE 2,EDGEWATER,,,,,,,False,
P01,Other Business,MAGICAL KEYS VACATIONS,1351 W ROSEDALE AVE 1ST 1,EDGEWATER,,,,,,,False,
P01,Other Business,Marais Home & Garden,1206 W VICTORIA ST GROUND FLOOR,EDGEWATER,,,,,,,False,
P01,Other Business,PEP HOUSE DESIGN CO,5835 N MAGNOLIA AVE 2 2,EDGEWATER,,,,,,,False,
P01,Other Business,RAD POP! VINTAGE EMPORIUM,5820 N BROADWAY  1ST,EDGEWATER,,,,,,,False,
P01,Other Business,"SARAH ZIMMERMAN,",5822 N WAYNE AVE 1,EDGEWATER,,,,,,,False,
P01,Other Business,TAP TO SHINE WELLNESS,1341 W ARDMORE AVE 3 3,EDGEWATER,,,,,,,False,
P01,Other Business,"TWO MOONS, LLC",1358 W THORNDALE AVE  3,EDGEWATER,,,,,,,False,
P01,Other Business,WINIFER CASTANEDA,1235 W ELMDALE AVE  2E,EDGEWATER,,,,,,,False,
P01,Other Business,lcp too,1206 W VICTORIA ST  4B,EDGEWATER,,,,,,,False,
P01,Restaurant,Alice & Friends' Vegan Kitchen,5812 N BROADWAY,EDGEWATER,(773) 275-8797,https://aliceandfriendsvegankitchen.com/,aliceandfriendsvegankitchen@gmail.com,Mo 16:00-21:00; We-Th 16:00-21:00; Fr 16:00-21:30; Sa 12:00-21:30; Su 12:00-21:00,,,False,
P01,Restaurant,Axum Ethiopian,5844 North Broadway,,(773) 654-3038,https://axumethiopiancuisine.com/,,,,,False,
P01,Restaurant,Chengdu Impression,5900 North Broadway,,(773) 942-7077,https://www.chengduimpression.com/edgewater,,,,,False,
P01,Restaurant,La Parrilla Latin Food,5940 North Broadway,,(773) 654-3118,https://myparrilla.com/,,,,,False,
P01,Restaurant,Mas alla del Sol,5848 North Broadway,,(773) 654-1900,https://www.masalladelsolchi.com/,info@masalladelsolrestaurant.com,We-Th 16:00-21:00; Fr 16:00-22:00; Sa 12:00-22:00; Su 10:00-21:00,,,False,
P01,Restaurant/Bar,AXUM ETHIOPIAN RESTAURANT,5844-5846 N BROADWAY  1ST,EDGEWATER,,,,,,,False,
P01,Restaurant/Bar,Chengdu Impression Sichuan Restaurant,5900 N BROADWAY  1,EDGEWATER,,,,,,,False,
P01,Restaurant/Bar,La Parrilla Latin food 2,5938-5940 N BROADWAY  1ST,EDGEWATER,,,,,,,False,
P01,Restaurant/Bar,MAS ALLA DEL SOL,5848 N BROADWAY  1,EDGEWATER,(773) 654-1900,https://www.masalladelsolchi.com/,info@masalladelsolrestaurant.com,We-Th 16:00-21:00; Fr 16:00-22:00; Sa 12:00-22:00; Su 10:00-21:00,,,False,
P01,Retail Shop,MILK & HOLLY HOME,1208 W THORNDALE AVE 1,EDGEWATER,(773) 615-8330,https://www.milkandhollyhome.com/,,,,,False,
P01,Retail Shop,Milk & Holly Home,1208 West Thorndale Avenue,,(773) 615-8330,https://www.milkandhollyhome.com/,,,,,False,
P01,Retail Shop,Richard Alan Estate Options,5936 North Broadway,,(773) 426-6986,http://www.instagram.com/raestateoptions,,Sa-Su 10:00-19:00; Fr 16:00-19:00,,,False,
P01,Studio/Arts,MAGNOLIA STUDIOS,5705 N MAGNOLIA AVE COACH HOUSE #1,EDGEWATER,,,,,,,False,
P01,Studio/Arts,MAGNOLIA STUDIOS,5705 N MAGNOLIA AVE COACH HOUSE #2,EDGEWATER,,,,,,,False,
P02,Other Business,CIRCLE ONE EVENTS,6325 N SHERIDAN RD  701,EDGEWATER,,,,,,,False,
P02,Restaurant/Bar,THE WATERFRONT CAFE,6219 N SHERIDAN RD,EDGEWATER,,http://waterfrontcafechicago.com/,,,,,False,
P03,Cafe,All Meal Prep Kitchen & Cafe,1100 West Bryn Mawr Avenue,,,,,"Mo-We 07:00-18:00; Su, Th 07:00-21:00; Fr-Sa 07:00-23:00",,,False,
P03,Cafe,PHLOUR BAKERY AND CAFE,1138 W BRYN MAWR AVE 1ST,EDGEWATER,(773) 293-6135,https://www.phlour.com/,info@phlour.com,08:00-15:00,,,False,
P03,Cafe,Phlour Bakery & Cafe,1138 West Bryn Mawr Avenue,,(773) 293-6135,https://www.phlour.com/,info@phlour.com,08:00-15:00,,,False,
P03,Cafe,Sip & Savor Coffee House,1068 W BRYN MAWR AVE,EDGEWATER,,,,,,,False,
P03,Cafe,Sip and Savor,1070 West Bryn Mawr Avenue,,(773) 564-9400,https://www.sipandsavorchicago.com/location-edgewater,,Su 07:00-16:00; Mo-Fr 06:30-16:00; Sa 07:00-16:00,,,False,
P03,Cultural/Tourism,"Nocturnes, Avian Listening at Midnight, 8 bird species","Chicago, IL 60660",,,https://www.transitchicago.com/art/bryn-mawr/,,,,,False,
P03,Cultural/Tourism,"Pastorales, Prairie Calls, 14 bird species","Chicago, IL 60660",,,https://www.transitchicago.com/art/bryn-mawr/,,,,,False,
P03,Cultural/Tourism,Today,"Chicago, IL 60660",,,https://www.transitchicago.com/art/bryn-mawr/,,,,,False,
P03,Cultural/Tourism,"Water Music, Lake Calls, 12 bird species","Chicago, IL 60660",,,https://www.transitchicago.com/art/bryn-mawr/,,,,,False,
P03,Entertainment,CITY LIT THEATER,1020 W BRYN MAWR AVE 2,EDGEWATER,,,,,,,False,
P03,Entertainment,REDTWIST THEATRE,1042-1044 W BRYN MAWR AVE 1ST,EDGEWATER,,,,,,,False,
P03,Gym/Fitness,Edgewater Fitness Center,1106 W BRYN MAWR AVE 1,EDGEWATER,,,,,,,False,
P03,Other Business,AFRICAN SAFARI IMPORTS,1140 W BRYN MAWR AVE 1ST,EDGEWATER,,,,,,,False,
P03,Other Business,CHARLES W. LEWIS,5650 N KENMORE AVE 4TH 406,EDGEWATER,,,,,,,False,
P03,Other Business,EDGEWATER CANDLES LLC,1050 W BRYN MAWR AVE 1ST,EDGEWATER,,,,,,,False,
P03,Other Business,GOBEZ COFFEE LLC,5630 N SHERIDAN RD 10TH 1001,EDGEWATER,,,,,,,False,
P03,Other Business,GOLD SCISSORS,1064 W BRYN MAWR AVE,EDGEWATER,,,,,,,False,
P03,Other Business,LA Tan,1136 W BRYN MAWR AVE GROUND,EDGEWATER,,,,,,,False,
P03,Other Business,NURZADA ASYLBEKOVA,5600 N SHERIDAN RD  5G,EDGEWATER,,,,,,,False,
P03,Other Business,ROOTS & RITUAL,1052 W BRYN MAWR AVE,EDGEWATER,,,,,,,False,
P03,Other Business,SECRETS OF AFRICA SAFARIS,5630 N SHERIDAN RD 10 1001,EDGEWATER,,,,,,,False,
P03,Other Business,SINTHYA LAVADO ARROYO,5608 N KENMORE AVE  2,EDGEWATER,,,,,,,False,
P03,Other Business,Solar Intentions,1052-1056 W BRYN MAWR AVE STORE FRONT,EDGEWATER,,,,,,,False,
P03,Other Business,Transistor,1058 W BRYN MAWR AVE STORE FRONT 0,EDGEWATER,,,,,,,False,
P03,Restaurant,Blowfish Sushi & Ramen,"Chicago, IL 60660",,(773) 654-3369,http://www.blowfishchicago.com/,,Mo-Th 16:00-22:00; Fr 16:00-23:00; Sa 12:00-23:00; Su 12:00-22:00,,,False,
P03,Restaurant,Hooked on Fish,1036-1038 W BRYN MAWR AVE,EDGEWATER,,,,Tu-Fr 12:00-17:00; Sa 11:00-17:00,,,False,
P03,Restaurant,LITTLE VIETNAM RESTAURANT,1132 W BRYN MAWR AVE,EDGEWATER,,http://orderlittlevietnam.com/,,Mo-Su 10:00-21:00,,,False,
P03,Restaurant,Little Vietnam,1132 West Bryn Mawr Avenue,,,http://orderlittlevietnam.com/,,Mo-Su 10:00-21:00,,,False,
P03,Restaurant,TAQUERIA UPTOWN,1144 W BRYN MAWR AVE  1,EDGEWATER,,,,,,,False,
P03,Restaurant,Taquería Uptown,1144 West Bryn Mawr Avenue,,,,,,,,False,
P03,Restaurant/Bar,ALL MEAL PREP,1100 W BRYN MAWR AVE 1,EDGEWATER,,,,,,,False,
P03,Restaurant/Bar,BLOWFISH CONTEMPORARY SUSHI,1130 W BRYN MAWR AVE 1ST,EDGEWATER,,,,,,,False,
P03,Retail Shop,Edgewater Candles,1050 Bryn Mawr,,,https://edgewatercandles.com/,,Mo-Su 11:00-18:00,,,False,
P03,Retail Shop,Hooked on Fish,1036 West Bryn Mawr Avenue,,,,,Tu-Fr 12:00-17:00; Sa 11:00-17:00,,,False,
P03,Retail Shop,Public Storage,5643 North Broadway,,(872) 216-5977,https://www.publicstorage.com/self-storage-il-chicago/1229.html,,Mo-Su 06:00-21:00,,,False,
P03,Retail Shop,Solar Intentions Non-Alcoholic Beverage Shop,1056 West Bryn Mawr Avenue,,(773) 357-5049,https://shopsolarintentions.com/,,We 16:00-20:00; Th 15:00-20:00; Fr 15:00-21:00; Sa 12:00-21:00; Su 13:00-19:00,,,False,
P03,Tobacco/Vape Shop,THE CHI CAVE,1142 W BRYN MAWR AVE,EDGEWATER,,,,,,,False,
P04,Bar/Nightlife,"BIG CHICKS, INC.",5024 N SHERIDAN RD  1ST F,UPTOWN,,,,,,,False,
P04,Bar/Nightlife,Big Chicks,5024 North Sheridan Road,,(773) 728-5511,https://www.bigchicks.com/,,,,,False,
P04,Bar/Nightlife,G&S SUPERMARKET,5012 N SHERIDAN RD 1 1,UPTOWN,,,,,,,False,
P04,Beauty/Salon,VIP NAILS & SPA FG,5056-5058 N SHERIDAN RD 1,UPTOWN,,,,,,,False,
P04,Cafe,Uptown Cafe & Gallery,5019 North Sheridan Road,,(773) 828-9829,https://uptowncafechicago.com/,,,,,False,
P04,Grocery/Food Retail,NEW SAMS FOOD MART,5038 N SHERIDAN RD,UPTOWN,,,,,,,False,
P04,Grocery/Food Retail,Rainbow Mart,5058 North Sheridan Road,,,,,,,,False,
P04,Grocery/Food Retail,SHAN GROCERY,5060 N SHERIDAN RD 1 B,UPTOWN,,,,,,,False,
P04,Laundromat/Dry Cleaner,LAKE SHORE CLEANERS,5064 N SHERIDAN RD 1 1,UPTOWN,,,,,,,False,
P04,Other Business,KOTOBAZA INC.,925 W CARMEN AVE  6C,UPTOWN,,,,,,,False,
P04,Other Business,MARIO CORREA DESIGN,5060 N MARINE DR 7 E7,UPTOWN,,,,,,,False,
P04,Other Business,THE SELFHELP HOME,908 W ARGYLE ST  1,UPTOWN,,,,,,,False,
P04,Restaurant,AFRO TASTE CUISINE LLC,1010 W ARGYLE ST 1ST,UPTOWN,,,,,,,False,
P04,Restaurant,Cafe Hoang,1020 West Argyle Street,,(773) 878-9943,https://www.cafe-hoang.com/,,,,,False,
P04,Restaurant,EL RINCON DE FABIO,1002 W ARGYLE ST 1ST,UPTOWN,,,,,,,False,
P04,Restaurant,Kie-Gol-Lanee,5004 North Sheridan Road,,(872) 241-9088,https://kiegol.com/,,,,,False,
P04,Restaurant,Nhà Hàng Việt Nam,1032 West Argyle Street,,(773) 878-8895,,,,,,False,
P04,Restaurant,SHAN RESTAURANT,5060 N SHERIDAN RD  A,UPTOWN,,,,,,,False,
P04,Restaurant,Shan Food,5060 North Sheridan Road,,,,,,,,False,
P04,Restaurant,Subway,5062 North Sheridan Road,UPTOWN,(773) 561-3800,https://restaurants.subway.com/united-states/il/chicago/5062-n-sheridan-road,,Mo-Fr 08:00-22:00; Sa-Su 09:00-21:00,,,False,
P04,Restaurant,Subway Sandwich,5062 N SHERIDAN RD,UPTOWN,(773) 561-3800,https://restaurants.subway.com/united-states/il/chicago/5062-n-sheridan-road,,Mo-Fr 08:00-22:00; Sa-Su 09:00-21:00,,,False,
P04,Restaurant,Tweet,5020 North Sheridan Road,UPTOWN,(773) 728-5576,http://tweet.biz/,,09:00-15:00,,,False,
P04,Restaurant,Uptown Phở,1010 West Argyle Street,,(773) 878-8820,,,,,,False,
P04,Restaurant,VIET NAM RESTAURANT,1032 W ARGYLE ST 1ST,,,,,,,,False,
P04,Restaurant,"VNTOFU & FAST FOOD, INC.",1024 W ARGYLE ST 1ST,UPTOWN,,,,,,,False,
P04,Restaurant/Bar,KIE-GOL-LANEE COMIDA TRADICIONAL OAXAQUENA,5004 N SHERIDAN RD 1,UPTOWN,,,,,,,False,
P04,Retail Shop,Boba Teahouse,1024 West Argyle Street,,(773) 293-6323,,,,,,False,
P04,Retail Shop,Lakeshore Cleaners,5064 North Sheridan Road,,,,,,,,False,
P04,Retail Shop,Metro by T-Mobile,5056 North Sheridan Road,,,,,,,,False,
P04,Retail Shop,SAFEGUARD SELF STORAGE,5026 - 5032 N SHERIDAN RD,UPTOWN,,,,,,,False,
P04,Retail Shop,Safeguard Self Storage,5026 North Sheridan Road,,,,,,,,False,
P04,Retail Shop,Đức Hùng Video,"Chicago, IL 60660",,,,,,,,False,
P05,Bar/Nightlife,LA PHARMACIE,5557 N SHERIDAN RD 1,EDGEWATER,(773) 944-0399,https://www.lapharmaciechicago.com/,lapharmacie.chicago@gmail.com,"Su, We 16:00-22:00; Th-Sa 16:00-00:00",,,False,
P05,Bar/Nightlife,La Pharmacie,5557 North Sheridan Road,EDGEWATER,(773) 944-0399,https://www.lapharmaciechicago.com/,lapharmacie.chicago@gmail.com,"Su, We 16:00-22:00; Th-Sa 16:00-00:00",,,False,
P05,Laundromat/Dry Cleaner,EBA CLEANERS,5551 N SHERIDAN RD 1ST,EDGEWATER,,,,,,,False,
P05,Other Business,ERICA LOVE WATSON,5555 N SHERIDAN RD 3RD 301,EDGEWATER,,,,,,,False,
P05,Other Business,FRANK EVENT DESIGN,5555 N SHERIDAN RD  12,EDGEWATER,,,,,,,False,
P05,Other Business,MODERN HVAC TECHNOLOGY LLC,5555 N SHERIDAN RD  3,EDGEWATER,,,,,,,False,
P05,Other Business,jj tax and accounting inc,5555 N SHERIDAN RD  3,EDGEWATER,,,,,,,False,
P05,Studio/Arts,ANNA HELD FLORAL STUDIO,5557 N SHERIDAN RD,EDGEWATER,(773) 944-0399,https://www.lapharmaciechicago.com/,lapharmacie.chicago@gmail.com,"Su, We 16:00-22:00; Th-Sa 16:00-00:00",,,False,
P06,Auto Services,EURO COLLISION OF ANDERSONVILLE,1122 W BALMORAL AVE,EDGEWATER,,,,,,,False,
P06,Auto Services,LAKESIDE INTL AUTO SERVICE INC,5407 N BROADWAY  1ST,EDGEWATER,,,,,,,False,
P06,Bar/Nightlife,Burke’s Public House,5401-5403;5401 North Broadway,,(773) 944-1109,https://www.burkespublichouse.com/,bmcBurkes@Gmail.com,Tu-Fr 16:00-23:00; Sa-Su 11:00-23:00,,,False,
P06,Bar/Nightlife,EDGEWATER WINE & SPIRITS,1105 W BRYN MAWR AVE  1,EDGEWATER,,,,,,,False,
P06,Bar/Nightlife,"SUPER FOOD & LIQUORS, INC.",1049 W BRYN MAWR AVE,EDGEWATER,(773) 728-3900,https://www.superfoodandliquors.com/,,Mo-Su 08:00-23:00,,,False,
P06,Beauty/Salon,"ARTUR'S BARBER SHOP, INC.",1135 W BRYN MAWR AVE 1ST,EDGEWATER,,,,,,,False,
P06,Beauty/Salon,BIONIC HAIR DESIGN,5501 N BROADWAY  1ST,EDGEWATER,,,,,,,False,
P06,Beauty/Salon,Bionic Hair Design,"Chicago, IL 60660",,,,,,,,False,
P06,Cafe,Dulce de Leche Cafe,1127 West Bryn Mawr Avenue,,(773) 754-8936,https://dulcedelechecafe1.com/,,Mo-Sa 08:00-16:00,,,False,
P06,Cafe,Fried Egg Cafe,1039 W BRYN MAWR AVE,EDGEWATER,(773) 942-7955,https://friedeggcafe.com/,mike@friedeggcafe.com,Mo-Su 07:00-15:00,,,False,
P06,Doctor Office,TPA NETWORK INC,5537 N BROADWAY,EDGEWATER,(773) 989-9400,https://viventhealth.org/chicago/,,,,,False,
P06,Doctor Office,Vivent Health + TPAN,5537 North Broadway,EDGEWATER,(773) 989-9400,https://viventhealth.org/chicago/,,,,,False,
P06,Grocery/Food Retail,GREEN ARCH FOOD MART,5555 N BROADWAY,EDGEWATER,,,,,,,False,
P06,Grocery/Food Retail,Green Arch Food and Smoke,5555 North Broadway,,,,,,,,False,
P06,Grocery/Food Retail,Super Food & Liquors,1049 West Bryn Mawr Avenue,,(773) 728-3900,https://www.superfoodandliquors.com/,,Mo-Su 08:00-23:00,,,False,
P06,Gym/Fitness,Anytime Fitness,5417 North Broadway,,(773) 654-3244,https://www.anytimefitness.com/gyms/4869/chicago-il-60640/,,24/7,,,False,
P06,Gym/Fitness,Anytime Fitness Broadway,5417-5419 N BROADWAY,EDGEWATER,,,,,,,False,
P06,Other Business,Edgewater Botanica,5553 N BROADWAY,EDGEWATER,,,,,,,False,
P06,Other Business,HOME GOODS BY RICKY,5450 N WINTHROP AVE 1ST 111,EDGEWATER,,,,,,,False,
P06,Other Business,HURON MERCANTILE PARTNERS,5546 N WINTHROP AVE 3 3,EDGEWATER,,,,,,,False,
P06,Other Business,LENCRAFTERS #5597,1055 W BRYN MAWR AVE  #3,EDGEWATER,,,,,,,False,
P06,Other Business,LIBERTY SERVICES INC,5505 N BROADWAY,EDGEWATER,,,,,,,False,
P06,Other Business,LIBERTY TAX SERVICE,5509 N BROADWAY  1,EDGEWATER,,,,,,,False,
P06,Other Business,Michelle Lytle Photography,5517 N BROADWAY   1,EDGEWATER,,,,,,,False,
P06,Other Business,Rent It Biz Software,5546 N WINTHROP AVE 3 3,EDGEWATER,,,,,,,False,
P06,Other Business,SOUNDOFF,1055 W BRYN MAWR AVE  H,EDGEWATER,,,,,,,False,
P06,Other Business,SUPERIOR MANAGEMENT,1049 W BRYN MAWR AVE 1ST,EDGEWATER,,,,,,,False,
P06,Other Business,"THE APARTMENT SEEKERS, INCORPORATED",5503 N BROADWAY  1,EDGEWATER,,,,,,,False,
P06,Other Business,THE SHERWIN WILLIAMS CO #3022,5411 N BROADWAY,EDGEWATER,,,,,,,False,
P06,Other Business,THOMAS M GARVEY,5450 N WINTHROP AVE  413,EDGEWATER,,,,,,,False,
P06,Other Business,TIMELINE THEATRE COMPANY,5539 N BROADWAY    STE B,EDGEWATER,,,,,,,False,
P06,Other Business,UPS STORE,1055 W BRYN MAWR AVE  F,EDGEWATER,,,,,,,False,
P06,Other Business,WALL TO WALL FRAMING,5554 N WINTHROP AVE,EDGEWATER,,,,,,,False,
P06,Restaurant,BB. Q CHICKEN EDGEWATER,1103 W BRYN MAWR AVE 1ST,EDGEWATER,,,,,,,False,
P06,Restaurant,BEN'S NOODLES & RICE,1139 W BRYN MAWR AVE 1ST,EDGEWATER,(773) 907-8936,http://bensnoodlesandrice.com/,,Mo-Tu 11:00-21:00; Th 11:00-21:00; Fr-Sa 11:00-22:00; Su 12:00-21:00,,,False,
P06,Restaurant,Ben's Noodles & Rice,1139 West Bryn Mawr Avenue,,(773) 907-8936,http://bensnoodlesandrice.com/,,Mo-Tu 11:00-21:00; Th 11:00-21:00; Fr-Sa 11:00-22:00; Su 12:00-21:00,,,False,
P06,Restaurant,Hamburger Mary's,1055 West Bryn Mawr Avenue,,(773) 754-0524,https://chicago.hamburgermarys.com/,Chicago@HamburgerMarys.com,We 17:00-22:00; Th 17:00-23:00; Fr 17:00-24:00; Sa 12:00-24:00; Su 12:00-22:00,,,False,
P06,Restaurant,MEI SHUNG CHINESE RESTAUARNAT,5511 N BROADWAY  1ST,EDGEWATER,,,,,,,False,
P06,Restaurant,RAJ DARBAR,1109 W BRYN MAWR AVE 1ST,EDGEWATER,,,,,,,False,
P06,Restaurant,SUBWAY,1101 W BRYN MAWR AVE,EDGEWATER,,,,,,,False,
P06,Restaurant,TERANGA AFRICAN RESTAURANT,1131 W BRYN MAWR AVE 1,EDGEWATER,,,,,,,False,
P06,Restaurant,The Little India,1109 West Bryn Mawr Avenue,,(773) 728-7012,https://littleindiatogo.com/,,11:00-21:00,,,False,
P06,Restaurant,bb.q Chicken,1103 West Bryn Mawr Avenue,,(773) 293-6972,https://bbqchicken.com/,,"Mo-Th 11:30-14:30, 16:30-21:00; Fr, Su 11:30-21:00; Sa 12:00-21:00",,,False,
P06,Restaurant/Bar,BURKE'S PUBLIC HOUSE,5401-5403 N BROADWAY  1ST,EDGEWATER,(773) 944-1109,https://www.burkespublichouse.com/,bmcBurkes@Gmail.com,Tu-Fr 16:00-23:00; Sa-Su 11:00-23:00,,,False,
P06,Restaurant/Bar,EDGEWATER MEXICAN CAFE,1055 W BRYN MAWR AVE  E,EDGEWATER,,,,,,,False,
P06,Restaurant/Bar,Hamburger Mary's Chicago,1055 W BRYN MAWR AVE  E,EDGEWATER,,,,,,,False,
P06,Restaurant/Bar,THE EDGE THEATER / THE EDGE OFF BROADWAY,5451 N BROADWAY,EDGEWATER,,https://www.edgetheater.com/,,,,,False,
P06,Retail Shop,Broadway Eye Institute,"Chicago, IL 60660",,,,,,,,False,
P06,Retail Shop,Hernandez Auto Repair,"Chicago, IL 60660",,,,,,,,False,
P06,Retail Shop,Lakeside International Auto Service,"Chicago, IL 60660",,,,,,,,False,
P06,Retail Shop,Sherwin-Williams,5411 North Broadway,EDGEWATER,,,,,,,False,
P06,Theatre,The Edge Off Broadway Theater,1133 West Catalpa Avenue,,,https://www.edgetheater.com/,,,,,False,
P06,Theatre,The Edge Theater,5451 North Broadway,EDGEWATER,,https://www.edgetheater.com/,,,,,False,
P07,Auto Services,OCANA TIRE SHOP #2,5521 N CLARK ST  1ST,ANDERSONVILLE,,,,,,,False,
P07,Bar/Nightlife,UVA KITCHEN AND WINE BAR,5553 N CLARK ST 1ST,ANDERSONVILLE,,,,,,,False,
P07,Bar/Nightlife,Wil's Martini Lounge,1478-1480 W CATALPA AVE 1,ANDERSONVILLE,,,,,,,False,
P07,Beauty/Salon,DANIEL BRIAN SALON,5549 N CLARK ST 1,ANDERSONVILLE,,,,,,,False,
P07,Beauty/Salon,SHY SALON AND SPA,5671 N CLARK ST 1ST,EDGEWATER,,,,,,,False,
P07,Beauty/Salon,SUN BEAUTY SALON,5503 N CLARK ST 1ST,ANDERSONVILLE,,,,,,,False,
P07,Cafe,The Understudy,5531 North Clark Street,,,https://theunderstudy.com,,08:00-18:00,,,False,
P07,Cultural/Tourism,EVENT HORIZON GALLERY,5517 N CLARK ST,ANDERSONVILLE,(224) 409-9699,https://eventhorizongallery.square.site/,gallerist@eventhorizongallery.com,,,,False,
P07,Grocery/Food Retail,Edgewater Produce,5509 North Clark Street,,,,,,,,False,
P07,Gym/Fitness,ORANGE SHOE PERSONAL FITNESS,5607-5609 N CLARK ST 1ST,EDGEWATER,,,,,,,False,
P07,Healthcare Specialist,Big City Optical,5653 North Clark Street,EDGEWATER,,,,,,,False,
P07,Healthcare Specialist,Rozin Optical,5605 North Clark Street,EDGEWATER,,,,,,,False,
P07,Laundromat/Dry Cleaner,"STELLA CLEANERS, LLC",5523 N CLARK ST,ANDERSONVILLE,,,,,,,False,
P07,Other Business,APOTHECARY EO,5601 N CLARK ST,EDGEWATER,,,,,,,False,
P07,Other Business,BIG CITY OPTICAL LLC,5653 N CLARK ST,EDGEWATER,,,,,,,False,
P07,Other Business,KIERAN P MCABE,1431 W OLIVE AVE  3,EDGEWATER,,,,,,,False,
P07,Other Business,LILLA BARN CLOTHING,5535 N CLARK ST,ANDERSONVILLE,,,,,,,False,
P07,Other Business,ROSIN EYECARE T091,5605 N CLARK ST,EDGEWATER,,,,,,,False,
P07,Other Business,"STICKS AND STONES, SURFACES",5544 N GLENWOOD AVE  3-E,ANDERSONVILLE,,,,,,,False,
P07,Other Business,THE CUTTERY,5539 N CLARK ST,ANDERSONVILLE,,,,,,,False,
P07,Other Business,The Good One,1435 W CATALPA AVE  3,ANDERSONVILLE,,,,,,,False,
P07,Other Business,VAN EATON CONSULTING LLC,1462 W RASCHER AVE 1 1,ANDERSONVILLE,,,,,,,False,
P07,Pet Services/Vet,Uptown Animal Hospital,5545 N CLARK ST GROUND,ANDERSONVILLE,,,,,,,False,
P07,Restaurant,Antica Pizzeria,5663 North Clark Street,,,,,,,,False,
P07,Restaurant,EDGEWATER PRODUCE,5509 N CLARK ST  1ST,ANDERSONVILLE,,,,,,,False,
P07,Restaurant,ELI TEA BAR,5507 N CLARK ST 1ST,ANDERSONVILLE,,,,,,,False,
P07,Restaurant,IT'S GREEK TO YOU,5449 N CLARK ST 1ST,ANDERSONVILLE,,,,,,,False,
P07,Restaurant,It's Greek 2 U Grill,5449 North Clark Street,,,,,,,,False,
P07,Restaurant,JB'S DELI INC.,5501 N CLARK ST,ANDERSONVILLE,(773) 728-0600,https://jbs-deli.square.site/?location=11eaee02dff1af0db510ac1f6bbba828,,,,,False,
P07,Restaurant,Little Madrid Tapas-Café,5661 North Clark Street,,,https://littlemadridtapascafe.com/,,,,,False,
P07,Restaurant,Pizza Lobo,5455-5457 North Clark Street,,,,,,,,False,
P07,Restaurant,TANOSHII,5547 N CLARK ST 1ST,ANDERSONVILLE,,https://www.tanoshiiomakase.com/,,,,,False,
P07,Restaurant,Tanoshii,5547 North Clark Street,,,https://www.tanoshiiomakase.com/,,,,,False,
P07,Restaurant,Uvae Kitchen and Wine Bar,5553 North Clark Street,,(773) 654-1432,https://uvaechicago.com/,,,,,False,
P07,Restaurant/Bar,Bramble Art Lofts,5545 N CLARK ST 2,ANDERSONVILLE,,,,,,,False,
P07,Restaurant/Bar,LITTLE MADRID TAPAS-CAFE CHICAGO,5663-5665 N CLARK ST,EDGEWATER,,,,,,,False,
P07,Restaurant/Bar,"LOS ARCOS AUTHENTIC MEXICAN FOOD, INC.",5525 N CLARK ST 1ST,ANDERSONVILLE,,,,,,,False,
P07,Restaurant/Bar,ODA MEDITERRANEAN CUISINE,5657-5659 N CLARK ST 1,EDGEWATER,,,,,,,False,
P07,Restaurant/Bar,PIZZA LOBO,5457 N CLARK ST 1,ANDERSONVILLE,,,,,,,False,
P07,Restaurant/Bar,THE UNDERSTUDY COFFEE AND BOOKS,5531 N CLARK ST,ANDERSONVILLE,,https://theunderstudy.com,,08:00-18:00,,,False,
P07,Retail Shop,Eli Tea,5507 North Clark Street,,(773) 961-7111,https://www.eliteabar.com/,chicago@eliteabar.com,Mo-Sa 10:00-21:00; Su 12:00-20:00,,,False,
P07,Retail Shop,JB's Deli,5501 North Clark Street,ANDERSONVILLE,(773) 728-0600,https://jbs-deli.square.site/?location=11eaee02dff1af0db510ac1f6bbba828,,,,,False,
P07,Retail Shop,The Dropped Stitch,1524 West Bryn Mawr Avenue,EDGEWATER,,https://droppedstitch.com/,,We-Su 12:00-18:00,,,False,
P07,Retail Shop,VIOLET HAWTHORNE,5447 N CLARK ST 1ST,ANDERSONVILLE,,,,,,,False,
P07,Retail Shop,Violet Hawthorne,5447 North Clark Street,,,,,,,,False,
P08,Other Business,CABOS TACOS,5901 N SHERIDAN RD  16C,EDGEWATER,,,,,,,False,
P08,Other Business,CASTLE ROCK PROPERTY MANAGEMENT INC.,5801 N SHERIDAN RD 20 20A,EDGEWATER,,,,,,,False,
P08,Other Business,CHICAGO'S DOG HOUSE,5901 N SHERIDAN RD  16C,EDGEWATER,,,,,,,False,
P08,Other Business,EDUCATIONAL ADVANTAGE INC.,5757 N SHERIDAN RD  14H,EDGEWATER,,,,,,,False,
P08,Other Business,ELEUTERIO FERNANDEZ,5801 N SHERIDAN RD  8A,EDGEWATER,,,,,,,False,
P08,Other Business,METRO WINGS,5901 N SHERIDAN RD  16C,EDGEWATER,,,,,,,False,
P09,Beauty/Salon,RIZE BEAUTY LAB LLC,5419 N SHERIDAN RD 1ST 106,EDGEWATER,,,,,,,False,
P09,Other Business,LETTUCE ENTERTAIN YOU,5419 N SHERIDAN RD  GENER,EDGEWATER,,,,,,,False,
P09,Other Business,PARK TOWER CONDOMINIUM ASSOCIATION,5415 N SHERIDAN RD 1ST 107,EDGEWATER,,,,,,,False,
P09,Other Business,SNOWIE,5419 N SHERIDAN RD,EDGEWATER,,,,,,,False,
P09,Other Business,SNOWIE,5419 N SHERIDAN RD 1ST 103A,EDGEWATER,,,,,,,False,
P09,Other Business,STONE DOZEN,5419 N SHERIDAN RD  116,EDGEWATER,,,,,,,False,
P09,Other Business,TOWER HOME CLEANING LLC,5415 N SHERIDAN RD  3105,EDGEWATER,,,,,,,False,
P10,Bar/Nightlife,ANDERSONVILLE WINE & SPIRITS,5201 N CLARK ST,ANDERSONVILLE,,,,,,,False,
P10,Bar/Nightlife,ATMOSPHERE,5355 N CLARK ST 1ST,ANDERSONVILLE,,https://atmospherebar.com,,,,,False,
P10,Bar/Nightlife,Atmosphere,5355 North Clark Street,,,https://atmospherebar.com,,,,,False,
P10,Bar/Nightlife,CESCAS MARGARITA BAR & GRILL,5403 N CLARK ST 1ST,ANDERSONVILLE,,,,,,,False,
P10,Beauty/Salon,DYE SALON,1481 W BALMORAL AVE 1ST,ANDERSONVILLE,,,,,,,False,
P10,Beauty/Salon,NAIL PALETTE AT ANDERSONVILLE INC.,5205 N CLARK ST,ANDERSONVILLE,,,,"Mo,We-Sa 10:00-19:00; Su 10:00-18:30",,,False,
P10,Beauty/Salon,Nail Palette,5205 North Clark Street,ANDERSONVILLE,,,,"Mo,We-Sa 10:00-19:00; Su 10:00-18:30",,,False,
P10,Beauty/Salon,SALON 10,5245 N CLARK ST,ANDERSONVILLE,,,,,,,False,
P10,Beauty/Salon,STYLES,5335 N CLARK ST,ANDERSONVILLE,,,,,,,False,
P10,Beauty/Salon,Styles Hair Salon,5335 North Clark Street,ANDERSONVILLE,,,,,,,False,
P10,Cafe,COLECTIVO COFFEE,5423-5427 N CLARK ST,ANDERSONVILLE,(312) 579-0233,https://colectivo.com/pages/andersonville,info@colectivocoffee.com,06:30-18:00,,,False,
P10,Cafe,Colectivo Coffee,"Chicago, IL 60660",,(312) 579-0233,https://colectivo.com/pages/andersonville,info@colectivocoffee.com,06:30-18:00,,,False,
P10,Cafe,Forever Yogurt,5309 North Clark Street,ANDERSONVILLE,,,,"Mo-Th 10:00-22:00; Fr,Sa 10:00-23:00; Su 11:00-22:00",,,False,
P10,Cafe,Kanela Breakfast Club,5413 North Clark Street,,(773) 594-2874,http://www.kanelabreakfastclub.com/,,Mo-Su 07:00-15:00,,,False,
P10,Cafe,Kopi Cafe,1553 North Clark Street,,(773) 989-5674,https://www.kopicafechicago.com/,,Su-Tr 10:00-19:00; Fr-Sa 10:00-20:00,,,False,
P10,Cannabis Shop,CBD KRATOM,5303 N CLARK ST 1,ANDERSONVILLE,,,,,,,False,
P10,Cannabis Shop,CBD Kratom,5303 North Clark Street,,,,,,,,False,
P10,Cinema,Chicago Filmmakers,5243 North Clark Street,,(773) 293-0575,https://chicagofilmmakers.org/,,,,,False,
P10,Dental Office,1st Family Dental Andersonville,5333 North Clark Street,,,,,,,,False,
P10,Dental Office,Dentologie,5255 North Clark Street,,(312) 846-6752,https://dentologie.com/our-locations/chicago/andersonville,,Mo-Th 08:00-20:00; Fr 08:00-15:00,,,False,
P10,Entertainment,SWEDISH AMERICAN MUSEUM,5211 N CLARK ST 1ST,ANDERSONVILLE,,,,,,,False,
P10,Grocery/Food Retail,Defloured,1477 West Balmoral Avenue,,(773) 234-5733,http://deflouredbakery.com/,,"Tu-Fr 11:00-19:00; Sa,Su 09:00-17:00",,,False,
P10,Grocery/Food Retail,NEW TOWN FOOD MART,5357 N CLARK ST GROUND,ANDERSONVILLE,,,,,,,False,
P10,Grocery/Food Retail,PRIDE FOOD MART,5357 N CLARK ST 1ST,ANDERSONVILLE,,,,,,,False,
P10,Laundromat/Dry Cleaner,PINE CLEANERS & MORE INC.,5337 N CLARK ST 1 1,ANDERSONVILLE,,,,,,,False,
P10,Office,Andersonville Insurance,5411 North Clark Street,,,,,,,,False,
P10,Office,Casa Cuba Midwest,5409 North Clark Street,,,,,,,,False,
P10,Other Business,AAA TARGETED WRITING AND COACHING SERVICES,5415 N CLARK ST,ANDERSONVILLE,,,,,,,False,
P10,Other Business,Beau Lou Designs,5247 N CLARK ST 1ST N/A,ANDERSONVILLE,,,,,,,False,
P10,Other Business,CASSONA 1509 INC,5241 N CLARK ST,ANDERSONVILLE,,,,,,,False,
P10,Other Business,CENTRO HISPANO BUSINESS CENTER CORP,5409 N CLARK ST 1ST,ANDERSONVILLE,,,,,,,False,
P10,Other Business,DAY-OLD GAY LLC,1433 W BALMORAL AVE  1N,ANDERSONVILLE,,,,,,,False,
P10,Other Business,Dinuhos Arts,5324 N GLENWOOD AVE 1,ANDERSONVILLE,,,,,,,False,
P10,Other Business,"ENJOY, AN URBAN GENERAL STORE",5307 N CLARK ST 1,ANDERSONVILLE,,,,,,,False,
P10,Other Business,FLOWERCHILD,1479 W BALMORAL AVE,ANDERSONVILLE,,,,,,,False,
P10,Other Business,ILOILO CUSTOM FRAMING INC,1478 W BERWYN AVE 1ST,ANDERSONVILLE,,,,,,,False,
P10,Other Business,JAIME LOWRY HAAS,5315 N CLARK ST 3RD 3N,ANDERSONVILLE,,,,,,,False,
P10,Other Business,Kathleen Gregory Consulting LLC,5416 N GLENWOOD AVE 3,ANDERSONVILLE,,,,,,,False,
P10,Other Business,LISA FLEIGE,5306 N GLENWOOD AVE 3RD 3,ANDERSONVILLE,,,,,,,False,
P10,Other Business,MENA TOURS & TRAVEL,5209 N CLARK ST 2ND 2,ANDERSONVILLE,,,,,,,False,
P10,Other Business,SUBMARINE PAPER COMPANY LLC,5404 N GLENWOOD AVE 2ND 2S,ANDERSONVILLE,,,,,,,False,
P10,Other Business,"SWAIM PARTNERSHIP STRATEGY & MEASUREMENT (SPSM), LLC",1403 W RASCHER AVE 2ND 2,ANDERSONVILLE,,,,,,,False,
P10,Other Business,Scout Chicago by Salvage Haus,5221 N CLARK ST 1,ANDERSONVILLE,,,,,,,False,
P10,Other Business,THE MEN'S GROOMING PARLOR,5219 N CLARK ST 2 2,ANDERSONVILLE,,,,,,,False,
P10,Other Business,THE UPS STORE NO.  3496,5315 N CLARK ST 1ST,ANDERSONVILLE,,,,,,,False,
P10,Other Business,WARBY PARKER,5219 N CLARK ST,ANDERSONVILLE,,,,,,,False,
P10,Other Business,WILLIAM DONOVAN,5248 N GLENWOOD AVE  SIDE ENTRY,ANDERSONVILLE,,,,,,,False,
P10,Restaurant,A TASTE OF HEAVEN,5401 N CLARK ST,ANDERSONVILLE,(773) 989-0151,https://www.atohchicago.com/,,,,,False,
P10,Restaurant,Andie's,5253 North Clark Street,,,,,,,,False,
P10,Restaurant,Big Jones,5347 North Clark Street,ANDERSONVILLE,(773) 275-5725,https://bigjoneschicago.com,,,,,False,
P10,Restaurant,Calo Ristorante,5343 North Clark Street,,(773) 271-7782,https://calorestaurant.com,,"Mo-Th 11:00-23:00; Fr,Sa 11:00-00:00; Su 14:00-22:00",,,False,
P10,Restaurant,DEFLOURED,1477 W BALMORAL AVE 1ST,ANDERSONVILLE,(773) 234-5733,http://deflouredbakery.com/,,"Tu-Fr 11:00-19:00; Sa,Su 09:00-17:00",,,False,
P10,Restaurant,DEVIL DAWGS ANDERSONVILLE,5257 N CLARK ST 1ST AND BASEMENT,ANDERSONVILLE,,,,,,,False,
P10,Restaurant,Devil Dawgs,5259 North Clark Street,,(312) 500-1769,https://www.devildawgs.com/location/andersonville/,,10:00-22:00,,,False,
P10,Restaurant,Fiya,5419 North Clark Street,,,,,,,,False,
P10,Restaurant,GREAT LAKE,1476 W BERWYN AVE,ANDERSONVILLE,(773) 564-9533,https://norcrossandscott.com,,,,,False,
P10,Restaurant,Jin Ju,5203 North Clark Street,,,,,"Tu-We,Sa-Su 17:00-21:00; Th-Fr 17:00-22:00",,,False,
P10,Restaurant,O & E FOREVER INC.,5309 N CLARK ST,ANDERSONVILLE,,,,,,,False,
P10,Restaurant,SWEDISH AMERICAN MUSEUM ASSOCIATION OF CHICAGO,5211-5217 N CLARK ST 1,ANDERSONVILLE,,,,,,,False,
P10,Restaurant,TACO BELL CATINA,5245 N CLARK ST,ANDERSONVILLE,,,,,,,False,
P10,Restaurant,Vincent,1479 W BALMORAL AVE 1,ANDERSONVILLE,,,,,,,False,
P10,Restaurant/Bar,ANDIES RESTAURANT,5253 N CLARK ST,ANDERSONVILLE,,,,,,,False,
P10,Restaurant/Bar,"Calo Lounge, Inc.",5341-5343 N CLARK ST 1,ANDERSONVILLE,,,,,,,False,
P10,Restaurant/Bar,Fiya Restaurant,5419 N CLARK ST 1,ANDERSONVILLE,,,,,,,False,
P10,Restaurant/Bar,JIN JU,5203 N CLARK ST 1ST,ANDERSONVILLE,,,,"Tu-We,Sa-Su 17:00-21:00; Th-Fr 17:00-22:00",,,False,
P10,Restaurant/Bar,"KANELA ""BREAKFAST CLUB""",5413 N CLARK ST 1,ANDERSONVILLE,(773) 594-2874,http://www.kanelabreakfastclub.com/,,Mo-Su 07:00-15:00,,,False,
P10,Restaurant/Bar,"KOPI, A TRAVELER'S CAFE",5317 N CLARK ST # 1ST,ANDERSONVILLE,,,,,,,False,
P10,Restaurant/Bar,VINCENT,1475 W BALMORAL AVE 1,ANDERSONVILLE,,,,,,,False,
P10,Retail Shop,ANDERSONVILLE GALLERIA,5247 N CLARK ST 1ST&2ND,ANDERSONVILLE,,,,Mo-Sa 11:00-19:00; Su 11:00-18:00,,,False,
P10,Retail Shop,Alamo Shoes,5321 North Clark Street,ANDERSONVILLE,,,,Mo-Fr 09:00-18:00; Sa 09:00-18:00; Su 10:00-17:00,,,False,
P10,Retail Shop,Andersonville Antiques,5245 North Clark Street,,,,,Mo-Sa 11:00-19:00; Su 11:00-18:00,,,False,
P10,Retail Shop,Andersonville Galleria,5247 North Clark Street,,,,,Mo-Sa 11:00-19:00; Su 11:00-18:00,,,False,
P10,Retail Shop,Big City Optical,5301 North Clark Street,ANDERSONVILLE,,https://bigcityoptical.com,,,,,False,
P10,Retail Shop,Black Angel Companies,5247 North Clark Street,,,,,Mo-Sa 11:00-19:00; Su 11:00-18:00,,,False,
P10,Retail Shop,CHICATOLIA ARTISAN COLLECTIVE,5209 N CLARK ST 1ST,ANDERSONVILLE,(312) 608-7227,,,Mo-Sa 10:00-19:00; Su 10:00-18:00,,,False,
P10,Retail Shop,Cassona,5241 North Clark Street,ANDERSONVILLE,,,,Mo-Sa 11:00-19:00; Su 11:00-17:00,,,False,
P10,Retail Shop,Chicatolia Artisan Collective,5209 North Clark Street,,(312) 608-7227,,,Mo-Sa 10:00-19:00; Su 10:00-18:00,,,False,
P10,Retail Shop,Cowboys and Astronauts,1476-1478 W SUMMERDALE AVE,ANDERSONVILLE,,https://cowboysandastronauts.com,,,,,False,
P10,Retail Shop,Cowboys and Astronauts,1478 West Summerdale Avenue,,,https://cowboysandastronauts.com,,,,,False,
P10,Retail Shop,Enjoy Andersonville,5307 North Clark Street,,,,,Mo-Sa 10:00-19:00; Su 10:00-18:00,,,False,
P10,Retail Shop,Five Elements Home,5239 N CLARK ST 1,ANDERSONVILLE,(773) 293-6872,https://www.fiveelementshome.com,,,,,False,
P10,Retail Shop,Five Elements Home,5239 North Clark Street,,(773) 293-6872,https://www.fiveelementshome.com,,,,,False,
P10,Retail Shop,GL Home Decor,5225 North Clark Street,ANDERSONVILLE,,https://glhomedecor.com/,,,,,False,
P10,Retail Shop,Iloilo Custom Framing,1478 West Berwyn Avenue,,,,,Tu-Fr 11:00-19:00; Sa 11:00-17:00; Su 11:00-16:00,,,False,
P10,Retail Shop,Kriser's Natural Pet,5353 North Clark Street,,,,,Mo-Sa 10:00-19:00; Su 10:00-18:00,,,False,
P10,Retail Shop,MERCANTILE M,5409 1/2 N CLARK ST 1ST,ANDERSONVILLE,,,,,,,False,
P10,Retail Shop,Mercantile M,5409 1/2 North Clark Street,,,,,,,,False,
P10,Retail Shop,Norcross + Scott,1476 West Berwyn Avenue,ANDERSONVILLE,(773) 564-9533,https://norcrossandscott.com,,,,,False,
P10,Retail Shop,"PAPER AND PENCIL, LLC",1480 W BERWYN AVE,ANDERSONVILLE,,,,Mo-Sa 11:00-18:00; Su 11:00-17:00,,,False,
P10,Retail Shop,Paper and Pencil,1480 West Berwyn Avenue,ANDERSONVILLE,,,,Mo-Sa 11:00-18:00; Su 11:00-17:00,,,False,
P10,Retail Shop,Play,5311 North Clark Street,ANDERSONVILLE,,https://playtoysandbooks.com,,,,,False,
P10,Retail Shop,RATTLEBACK RECORDS LLC,5405 N CLARK ST,ANDERSONVILLE,(773) 944-0188,https://rattlebackrecords.com/,,Mo-Sa 11:00-19:00; Su 11:00-17:00,,,False,
P10,Retail Shop,RAYGUN,"5207 N CLARK ST 1,2",ANDERSONVILLE,(773) 654-3157,https://raygunsite.com,,Mo-Su 10:00-18:00,,,False,
P10,Retail Shop,Rattleback Records,5405 North Clark Street,ANDERSONVILLE,(773) 944-0188,https://rattlebackrecords.com/,,Mo-Sa 11:00-19:00; Su 11:00-17:00,,,False,
P10,Retail Shop,Raygun,5303 North Clark Street,,(773) 654-3157,https://raygunsite.com,,Mo-Su 10:00-18:00,,,False,
P10,Retail Shop,Sandbox Baby Boutique,5349 N CLARK ST 1,ANDERSONVILLE,(773) 717-6823,,,Tu-Sa 11:00-17:00,,,False,
P10,Retail Shop,Sandbox Baby Boutique,5349 North Clark Street,,(773) 717-6823,,,Tu-Sa 11:00-17:00,,,False,
P10,Retail Shop,Scout,5221 North Clark Street,,(773) 275-5700,,,,,,False,
P10,Retail Shop,WOMEN & CHILDREN FIRST,5233 N CLARK ST  2,ANDERSONVILLE,(773) 769-9299,https://www.womenandchildrenfirst.com,,Tu-Su 11:00-18:00; Mo 00:00-18:00,,,False,
P10,Retail Shop,Women & Children First,5233 North Clark Street,,(773) 769-9299,https://www.womenandchildrenfirst.com,,Tu-Su 11:00-18:00; Mo 00:00-18:00,,,False,
P10,Tobacco/Vape Shop,"SMOKES ON CLARK, INC.",5243 N CLARK ST GROUND,ANDERSONVILLE,,,,,,,False,
P11,Other Business,AMELIA HERMAN ART LLC,5527 N GLENWOOD AVE 3 3,ANDERSONVILLE,,,,,,,False,
P11,Other Business,"AREGONI INTERNATIONAL, LLC",5334 N WAYNE AVE,ANDERSONVILLE,,,,,,,False,
P11,Other Business,HYBRIDESIGN LLC,5447 N WAYNE AVE 1,ANDERSONVILLE,,,,,,,False,
P11,Other Business,M Pink Design LLC,5514 N WAYNE AVE,ANDERSONVILLE,,,,,,,False,
P11,Other Business,MAC DYNAMITE,5513 N GLENWOOD AVE 2ND 2,ANDERSONVILLE,,,,,,,False,
P11,Other Business,SARAH HALEY,5211 N GLENWOOD AVE 2 R,ANDERSONVILLE,,,,,,,False,
P11,Other Business,"Western DC Computers, Inc.",5307 N WAYNE AVE BASEMENT,ANDERSONVILLE,,,,,,,False,
P12,Bar/Nightlife,CIRCLE K,1004 W FOSTER AVE 1,EDGEWATER,,https://www.circlek.com/store-locator/US/chicago/1004-w-foster-ave/4706909&lat=41.972928315124015&lng=-87.65276727595561&lang=en,,,,,False,
P12,Bar/Nightlife,OSCO DRUG STORE #3443,5345 N BROADWAY,EDGEWATER,,,,,,,False,
P12,Beauty/Salon,RIGHT NAIL SALON LLC,5244 N SHERIDAN RD,EDGEWATER,,,,,,,False,
P12,Cultural/Tourism,Edgewater Mélange,"Chicago, IL 60660",,,https://www.transitchicago.com/art/berwyn/,,,,,False,
P12,Cultural/Tourism,Roots with Diversity,"Chicago, IL 60660",,,https://www.transitchicago.com/art/berwyn/,,,,,False,
P12,Grocery/Food Retail,AFC Sushi @ Jewel Osco #3443,5343 N BROADWAY  1,EDGEWATER,,,,,,,False,
P12,Grocery/Food Retail,Circle K,1004 West Foster Avenue,,,https://www.circlek.com/store-locator/US/chicago/1004-w-foster-ave/4706909&lat=41.972928315124015&lng=-87.65276727595561&lang=en,,,,,False,
P12,Grocery/Food Retail,JEWEL FOOD STORE #3443,5343 N BROADWAY  1ST #,EDGEWATER,,,,,,,False,
P12,Grocery/Food Retail,Jewel-Osco,5343 North Broadway,,(773) 784-1922,https://local.jewelosco.com/il/chicago/5343-n-broadway.html,,06:00-00:00,,,False,
P12,Healthcare/Medical,LAKESHORE MEDICAL BILLING COMPANY,5242 N SHERIDAN RD,EDGEWATER,,,,,,,False,
P12,Other Business,BURLINGTON #1481,5227 N BROADWAY ST,EDGEWATER,,,,,,,False,
P12,Other Business,DAVID VAN WINKLE,1058 W FOSTER AVE  2,EDGEWATER,,,,,,,False,
P12,Other Business,GENEVIEVE ALEXANDRA HENNACY,5326 N WINTHROP AVE 4TH 402,EDGEWATER,,,,,,,False,
P12,Other Business,HORVER LLC,5228 N SHERIDAN RD 2ND 210,EDGEWATER,,,,,,,False,
P12,Other Business,JUSTIN MARTIN BIRNBAUM,5352 N KENMORE AVE,EDGEWATER,,,,,,,False,
P12,Other Business,KELLY D MACEO,5326 N WINTHROP AVE  310,EDGEWATER,,,,,,,False,
P12,Other Business,LAKESHORE HOME PHYSICIANS,5232 N SHERIDAN RD 1,EDGEWATER,,,,,,,False,
P12,Other Business,Peacock Voices LLC,5320 N KENMORE AVE  UNIT M,EDGEWATER,,,,,,,False,
P12,Other Business,TMI STRATEGY,5230 N KENMORE AVE  4B,EDGEWATER,,,,,,,False,
P12,Pharmacy,CVS Pharmacy,5205 North Broadway,,,https://www.cvs.com/store-locator/chicago-il-pharmacies/5205-n-broadway-st-chicago-il-60640/storeid=1493,,Sa 09:00-18:00; Su 10:00-18:00; Mo-Fr 08:00-18:00,,,False,
P12,Restaurant,CVS/PHARMACY #1493,5205 N BROADWAY  1,EDGEWATER,,,,,,,False,
P12,Restaurant,Hangry Joe's Hot Chicken,5357 N BROADWAY    UNIT A,EDGEWATER,,,,,,,False,
P12,Restaurant,Hot Pot,5353 North Broadway,,,,,,,,False,
P12,Restaurant,La Mom Kitchen,5357A North Broadway,,(773) 293-7482,,,"Mo-Su 11:30-21:00, 11:30-22:00, 12:00-22:00",,,False,
P12,Restaurant,NAFI LLC DBA PAPA JOHN'S PIZZA CHICAGO,5359 N BROADWAY    SUITE B,EDGEWATER,,,,,,,False,
P12,Restaurant,Papa John's,5359 North Broadway,,(773) 561-7272,https://locations.papajohns.com/united-states/il/60640/chicago/5359-n-broadway,,Mo-Th 10:00-23:30; Fr-Sa 10:00-24:00; Su 10:00-23:30,,,False,
P12,Retail Shop,Burlington,5227 North Broadway,,,https://stores.burlington.com/il/chicago/1481/,,,,,False,
P13,Other Business,G.HUIS CONSULTING LLC,6157 N SHERIDAN RD 24TH 24K,EDGEWATER,,,,,,,False,
P13,Other Business,GOMELOS BURGERS,6171 N SHERIDAN RD  811,EDGEWATER,,,,,,,False,
P13,Other Business,JILLICIOUS DISHES,6145 N SHERIDAN RD  30D,EDGEWATER,,,,,,,False,
P13,Other Business,"PLUS BOOKKEEPING SERVICES, INC.",6171 N SHERIDAN RD 20TH 2005,EDGEWATER,,,,,,,False,
P13,Other Business,TERRYANN BANANA PUDDING TM.,6171 N SHERIDAN RD 10 1003,EDGEWATER,,,,,,,False,
P14,Other Business,ALAN JOSEPH PRODUCTIONS LLC,5320 N SHERIDAN RD  2509,EDGEWATER,,,,,,,False,
P14,Other Business,PAVASARIS CONSULTING LLC,5320 N SHERIDAN RD 19TH 1907,EDGEWATER,,,,,,,False,
P14,Other Business,Shane's Sweet & Savory,5430 N SHERIDAN RD 5 507,EDGEWATER,,,,,,,False,
P15,Auto Services,T & H AUTO SERVICE INC,5743 N BROADWAY   1,EDGEWATER,,,,,,,False,
P15,Doctor Office,Planned Parenthood,5725 North Broadway,,,https://www.plannedparenthood.org/health-center/illinois/chicago/60660/rogers-park-health-center-2266-90430,,,,,False,
P15,Financial,Chase,5715 North Broadway,,(773) 989-8328,https://locator.chase.com/il/chicago/5715-n-broadway-st,,Mo-Fr 09:00-17:00; Sa 09:00-14:00; Su closed,,,False,
P15,Gas Station,Shell,5701 North Broadway,,,https://find.shell.com/us/fuel/10008875-5701-n-broadway-st/en_US,,,,,False,
P15,Grocery/Food Retail,Hollywood Deli,5700 North Sheridan Road,,(773) 944-0865,,,Mo-Fr 07:00-22:00; Sa 08:00-22:00; Su 09:00-21:00,,,False,
P15,Grocery/Food Retail,Shell,"Chicago, IL 60660",,,,,,,,False,
P15,Other Business,DESIGNS & POEMS BY IN-WONDER & DANG-LING WEB,5700 N SHERIDAN RD 10TH 1005,EDGEWATER,,,,,,,False,
P15,Other Business,EMILIO O. ACERO,5750 N KENMORE AVE 3RD 314,EDGEWATER,,,,,,,False,
P15,Restaurant,DOLLAR GENERAL STORE # 19102,5725 N BROADWAY  1,EDGEWATER,,,,,,,False,
P15,Restaurant,HOLLYWOOD BROADWAY SHELL,5701 N BROADWAY   1,EDGEWATER,,,,,,,False,
P15,Restaurant,HOLLYWOOD DELI,5700 N SHERIDAN RD 1ST,EDGEWATER,(773) 944-0865,,,Mo-Fr 07:00-22:00; Sa 08:00-22:00; Su 09:00-21:00,,,False,
P15,Restaurant,SFERA SICILIAN STREET FOOD,5757-5759 N BROADWAY,EDGEWATER,(773) 739-9128,https://www.sferachicago.com/,info@sferachicago.com,"Su-Th 10:00-19:00; Fr,Sa 10:00-20:00",,,False,
P15,Restaurant,Sfera Sicilian Street Food,5759 North Broadway,,(773) 739-9128,https://www.sferachicago.com/,info@sferachicago.com,"Su-Th 10:00-19:00; Fr,Sa 10:00-20:00",,,False,
P15,Retail Shop,Dollar General,5725 North Broadway,,,https://www.dollargeneral.com/store-directory/il/chicago/19102,,,,,False,
P15,Retail Shop,Public Storage,5733 North Broadway,,,,,,,,False,
P16,Bar/Nightlife,CASTLE FOOD & LIQUOR,1128 W THORNDALE AVE 1,EDGEWATER,(773) 769-1234,https://castle-food-liquor.edan.io/,,,,,False,
P16,Bar/Nightlife,INDEPENDENT SPIRITS INC.,5947-5949 N BROADWAY,EDGEWATER,,,,,,,False,
P16,Bar/Nightlife,WHOLE FOODS MARKET,6009 N BROADWAY,EDGEWATER,,,,,,,False,
P16,Cultural/Tourism,Thrive,"Chicago, IL 60660",,,https://www.transitchicago.com/art/thorndale/,,,,,False,
P16,Grocery/Food Retail,Castle Food & Liquor,1128 West Thorndale Avenue,,(773) 769-1234,https://castle-food-liquor.edan.io/,,,,,False,
P16,Grocery/Food Retail,Whole Foods Market,6009 Wholefood,,(773) 506-7600,https://www.wholefoodsmarket.com/stores/chicagoedgewater,,Mo-Su 08:00-22:00,,,False,
P16,Gym/Fitness,Trapeze School New York - indoor location,5917 North Broadway,,(773) 484-8861,https://chicago.trapezeschool.com/,,,,,False,
P16,Laundromat/Dry Cleaner,THORNDALE CLEANERS,1112 W THORNDALE AVE,EDGEWATER,(773) 334-0512,,,,,,False,
P16,Liquor Store,Independent Wine & Spirits,5947 North Broadway,,,https://shop.independentspiritsinc.com/,,,,,False,
P16,Other Business,ARINA STARTSEVA,6000 N WINTHROP AVE  203,EDGEWATER,,,,,,,False,
P16,Other Business,ARMEN JEWELRY,1142 W THORNDALE AVE 1ST F 1,EDGEWATER,,,,,,,False,
P16,Other Business,Anastasia Bodea,6000 N WINTHROP AVE 1 102,EDGEWATER,,,,,,,False,
P16,Other Business,EXPLODING ROCKS LLC,6026 N WINTHROP AVE 3RD 3F,EDGEWATER,,,,,,,False,
P16,Other Business,FATIMAH BALANI,5821 N BROADWAY   2001,EDGEWATER,,,,,,,False,
P16,Other Business,GABRIEL M. STIGLICH,5861 N WINTHROP AVE  1S,EDGEWATER,,,,,,,False,
P16,Other Business,VIET HOA,5845 N BROADWAY   1ST,EDGEWATER,,,,,,,False,
P16,Other Business,WASH U LAUNDRY CHICAGO,1123 W THORNDALE AVE,EDGEWATER,,,,,,,False,
P16,Pet Services/Vet,Bark Bark Club Pet Services,5943 N BROADWAY  1 1,EDGEWATER,,,,,,,False,
P16,Restaurant,CHINA PALACE,1129 W THORNDALE AVE 1,EDGEWATER,,,,,,,False,
P16,Restaurant,Indie Cafe   Sushi + Thai,5951 North Broadway,,(773) 561-5577,https://indiesushinewasian.com/,,,,,False,
P16,Restaurant,KOHOKU-KU RAMEN,1136 West Thorndale Avenue,EDGEWATER,(773) 654-3342,https://www.kohoku-kuramen.com/,kohokuchicago@gmail.com,Mo-Th 11:30-21:30; Fr-Sa 11:30-22:00; Su 11:30-21:30,,,False,
P16,Restaurant,KOHOKU-KU RAMEN CHICAGO,1136 W THORNDALE AVE,EDGEWATER,(773) 654-3342,https://www.kohoku-kuramen.com/,kohokuchicago@gmail.com,Mo-Th 11:30-21:30; Fr-Sa 11:30-22:00; Su 11:30-21:30,,,False,
P16,Restaurant,Little Corner Restaurant,"Chicago, IL 60660",,,,,"Mo-Fr 07:00-15:00; Sa,Su 07:00-16:00",,,False,
P16,Restaurant,Regalia Bar & Restaurant,5959 North Broadway,,(773) 897-9165,https://www.regalia5959.com/,,Sa-We 17:00-22:00; Th-Fr 17:00-23:00,,,False,
P16,Restaurant,THE LITTLE CORNER SNACK SHOP,5937 N BROADWAY,EDGEWATER,,,,,,,False,
P16,Restaurant,Zenwich Edgewater,1124 W THORNDALE AVE,EDGEWATER,(773) 961-7076,https://www.zenwich.com/,zenwich@gmail.com,,,,False,
P16,Restaurant/Bar,INDIE CAFE,5951-5953 N BROADWAY  1ST,EDGEWATER,,,,,,,False,
P16,Restaurant/Bar,REGALIA,5959 N BROADWAY,EDGEWATER,(773) 897-9165,https://www.regalia5959.com/,,Sa-We 17:00-22:00; Th-Fr 17:00-23:00,,,False,
P16,Retail Shop,"Andy’s Art, Antiques & Oddities",1138 West Thorndale Avenue,,(773) 654-3975,https://andysartantiquesandoddities.square.site/,,,,,False,
P16,Retail Shop,Armen's Jewelry,1142 West Thorndale Avenue,,(773) 344-0177,,,,,,False,
P16,Retail Shop,Bark Bark Club,5943 North Broadway,,(773) 989-8807,https://www.barkbarkclub.com/,,,,,False,
P16,Retail Shop,FIX YOUR KICKS,1140 W THORNDALE AVE 1ST,EDGEWATER,(312) 860-3440,https://fixyourkickschi.com/,,,,,False,
P16,Retail Shop,Fix Your Kicks,1140 West Thorndale Avenue,,(312) 860-3440,https://fixyourkickschi.com/,,,,,False,
P16,Retail Shop,Smile Cleaners,1132 West Thorndale Avenue,,(773) 784-2464,https://smilecleanersservice.com/,,,,,False,
P16,Retail Shop,Thorndale Cleaners & Tailors,1112 West Thorndale Avenue,EDGEWATER,(773) 334-0512,,,,,,False,
P17,Bar/Nightlife,MARIANO'S #8522,5201 N SHERIDAN RD 1ST,EDGEWATER,,,,,,,False,
P17,Grocery/Food Retail,Mariano's Fresh Market,5201 North Sheridan Road,,,https://www.marianos.com/stores/grocery/il/chicago/marianos-edgewater/531/00522,,Mo-Su 06:00-22:00,,,False,
P17,Other Business,ECOATM,5201 N SHERIDAN RD INSIDE MARIANOS0522,EDGEWATER,,,,,,,False,
P17,Restaurant,Foster Beach Concessions,"Chicago, IL 60660",,,,,,,,False,
P17,Restaurant,SADDLE AND CYCLE CLUB,900 W FOSTER AVE 1ST,EDGEWATER,,,,,,,False,
P18,Other Business,Lakeview Pet Care,6030 N SHERIDAN RD  2113,EDGEWATER,,,,,,,False,
P18,Other Business,SAMILA THAI FUSION CUISINE,1045 W GLENLAKE AVE  1,EDGEWATER,,,,,,,False,
P18,Other Business,SHAD HEATING AND COOLING,5820 N KENMORE AVE 8TH 804,EDGEWATER,,,,,,,False,
P18,Other Business,SWELL VIRTUAL ASSISTANCE,5919 N KENMORE AVE 2 2,EDGEWATER,,,,,,,False,
P18,Other Business,Sheridan Village Nursing and Rehabilitation,5838 N SHERIDAN RD,EDGEWATER,,,,,,,False,
P18,Other Business,VLADISLAV TALALAEV,5820 N SHERIDAN RD  406,EDGEWATER,,,,,,,False,
P18,Restaurant/Bar,Creative Coworking LLC,5940 N SHERIDAN RD 1,EDGEWATER,,,,,,,False,
P19,Beauty/Salon,SEXY NAILS SPA,5322 N BROADWAY  1,EDGEWATER,,,,,,,False,
P19,Cafe,STARBUCKS COFFEE #62850,5244 N BROADWAY,EDGEWATER,(773) 819-6246,https://www.starbucks.com/store-locator/store/1030537/broadway-and-berwyn-5244-n-broadway-st-chicago-il-606402304-us,,"Mo-Fr 04:30-20:00; Sa,Su 05:00-20:00",,,False,
P19,Cafe,Starbucks,5244 North Broadway,EDGEWATER,(773) 819-6246,https://www.starbucks.com/store-locator/store/1030537/broadway-and-berwyn-5244-n-broadway-st-chicago-il-606402304-us,,"Mo-Fr 04:30-20:00; Sa,Su 05:00-20:00",,,False,
P19,Cafe,THE LOST HOURS COFFEE SHOP,5256 N BROADWAY  1ST,EDGEWATER,,https://www.the-lost-hours.com/,thelosthourscoffeeshop@gmail.com,Mo-Sa 06:30-15:30; Su 07:30-15:30,,,False,
P19,Doctor Office,Advocate Medical Group,5304 North Broadway,,(773) 784-2822,https://www.advocatehealth.com/locations/internal-medicine-chicago-broadway-ave,,"Mo,Tu,Th 08:30-18:00; We,Fr 08:30-17:00; Sa 08:00-13:00; Su 09:00-13:00",,,False,
P19,Doctor Office,Endeavor Health - Immediate Care,5238 North Broadway,,(224) 364-2273,https://www.endeavorhealth.org/locations/immediate-care-chicago-broadway-square,,Mo-Fr 09:00-18:45; Sa-Su 08:00-16:45,,,False,
P19,Financial,Bank of America,5308 North Broadway,,,https://locators.bankofamerica.com/il/chicago/atm-chicago-110588.html,,,,,False,
P19,Financial,Byline Bank,5342 North Broadway,,,,,Mo-Fr 09:00-17:00; Sa 09:00-13:00,,,False,
P19,Gym/Fitness,LPM FITNESS LLC,1209 W BRYN MAWR AVE 1,EDGEWATER,,,,,,,False,
P19,Gym/Fitness,SB FITNESS & WELLNESS LLC,1205 W BALMORAL AVE,EDGEWATER,,,,,,,False,
P19,Laundromat/Dry Cleaner,NEW STYLE MEN'S WEAR & CLEANERS,5546 N BROADWAY,EDGEWATER,,,,,,,False,
P19,Office,State Farm,"Chicago, IL 60660",,,,,,,,False,
P19,Other Business,"All American Village Nursing and Rehabilitation center, LLC",5448 N BROADWAY   1-4,EDGEWATER,,,,,,,False,
P19,Other Business,CHICAGOLAND GAME -THE DICE,5550-5552 N BROADWAY  1,EDGEWATER,,,,,,,False,
P19,Other Business,Edgewater Pottery,1207 W BERWYN AVE,EDGEWATER,,,,,,,False,
P19,Other Business,"HELP AT HOME, LLC",5250 N BROADWAY,EDGEWATER,,,,,,,False,
P19,Other Business,LYNN LITWIN LIMITED,5517 N LAKEWOOD AVE 1,ANDERSONVILLE,,,,,,,False,
P19,Other Business,PALMAR EXPRESS,5356 N BROADWAY  1ST,EDGEWATER,,,,,,,False,
P19,Other Business,"PHOENIX BEAN, LLC",5438 N BROADWAY  1,EDGEWATER,,,,,,,False,
P19,Other Business,ST. ITA CATHOLIC CHURCH,1220 W CATALPA AVE,EDGEWATER,,,,,,,False,
P19,Other Business,"THE-CAPACITOR, LLC",5530 N BROADWAY,EDGEWATER,,,,,,,False,
P19,Other Business,The Greener Cleaner,5312 N BROADWAY  STREET,EDGEWATER,,,,,,,False,
P19,Other Business,Wolfson Design Build,5319 N LAKEWOOD AVE,ANDERSONVILLE,,,,,,,False,
P19,Other Business,ZIRLIN INTERIORS INC,5540 N BROADWAY  1ST,EDGEWATER,,,,,,,False,
P19,Pet Services/Vet,"PETSMART, Inc. #2524",5210 N BROADWAY  1,EDGEWATER,,,,,,,False,
P19,Restaurant,BUFFALO WILD WINGS,5316 N BROADWAY,EDGEWATER,(872) 713-7755,https://www.buffalowildwings.com/locations/us/il/chicago/5316-n--broadway/sports-bar-1904/,,Mo-Su 10:00-02:00,,,False,
P19,Restaurant,CHIPOTLE MEXICAN GRILL,5224 N BROADWAY   102,EDGEWATER,,,,,,,False,
P19,Restaurant,Chipotle,5224 North Broadway,,(773) 878-1132,https://locations.chipotle.com/il/chicago/5224-n-broadway-st,,10:45-23:00,,,False,
P19,Restaurant,EDGEWATER TACO PROS,5310 N BROADWAY,EDGEWATER,,,,,,,False,
P19,Restaurant,Herb Restaurant,5424 North Broadway,,(773) 944-9050,https://www.herbrestaurant.com/,,We-Th 17:30-21:00; Fr-Sa 17:30-21:30; Su 17:30-21:00,,,False,
P19,Restaurant,JIN THAI CUISINE,5458 N BROADWAY AVE 1 1,EDGEWATER,(773) 681-0555,https://www.jinthaicuisine.com/,,Mo 11:30-21:00; We-Su 11:30-21:00,,,False,
P19,Restaurant,Jin Thai Cuisine,"Chicago, IL 60660",,(773) 681-0555,https://www.jinthaicuisine.com/,,Mo 11:30-21:00; We-Su 11:30-21:00,,,False,
P19,Restaurant,Little Caesers,"Chicago, IL 60660",,(773) 644-4688,https://littlecaesars.com/en-us/,,Mo-Th 10:00-23:00; Fr-Sa 10:00-00:00; Su 10:00-23:00,,,False,
P19,Restaurant,PHOENIX SOY LLC,5426 N BROADWAY  1ST,EDGEWATER,,,,,,,False,
P19,Restaurant,Panera Bread,5320 North Broadway,EDGEWATER,(773) 644-5651,https://www.panerabread.com/en-us/cafe/locations/il/chicago/5320-north-broadway,,Mo-Su 10:00-21:00,,,False,
P19,Restaurant,Panera Bread #7019,5320 N BROADWAY,EDGEWATER,(773) 644-5651,https://www.panerabread.com/en-us/cafe/locations/il/chicago/5320-north-broadway,,Mo-Su 10:00-21:00,,,False,
P19,Restaurant,Pizzeria Aroma,"Chicago, IL 60660",,(773) 769-4900,https://pizzeriaaroma.com/,pizzeriaaroma@GMAIL.COM,Mo-Th 11:30-22:00; Fr-Sa 11:30-22:30; Su 11:30-22:00,,,False,
P19,Restaurant,SUBWAY SANDWICH & SALAD,5324 N BROADWAY,EDGEWATER,(773) 784-7827,https://restaurants.subway.com/united-states/il/chicago/5324-n-broadway,,Mo-Su 07:00-21:00,,,False,
P19,Restaurant,Subway,5324 North Broadway,EDGEWATER,(773) 784-7827,https://restaurants.subway.com/united-states/il/chicago/5324-n-broadway,,Mo-Su 07:00-21:00,,,False,
P19,Restaurant,Taco Pros,"Chicago, IL 60660",,(224) 814-0200,https://tacopros.com/,contact@tacopros.com,Mo-Th 10:00-22:00; Fr-Sa 10:00-23:00; Su 10:00-22:00,,,False,
P19,Restaurant,Tesfa Ethiopian Cuisine,5352 North Broadway,EDGEWATER,(312) 698-4481,https://www.tesfacuisine.com/,tesfa.ec@gmail.com,Mo-Th 16:00-21:00; Fr 16:00-22:00; Sa 11:00-22:00; Su 11:00-20:00,,,False,
P19,Restaurant/Bar,HERB RESTAURANT,5422-5424 N BROADWAY  1ST,EDGEWATER,(773) 944-9050,https://www.herbrestaurant.com/,,We-Th 17:30-21:00; Fr-Sa 17:30-21:30; Su 17:30-21:00,,,False,
P19,Restaurant/Bar,PIZZERIA AROMA,5350 N BROADWAY  1,EDGEWATER,(773) 769-4900,https://pizzeriaaroma.com/,pizzeriaaroma@GMAIL.COM,Mo-Th 11:30-22:00; Fr-Sa 11:30-22:30; Su 11:30-22:00,,,False,
P19,Retail Shop,BOOST MOBILE,5556 N BROADWAY,EDGEWATER,,,,,,,False,
P19,Retail Shop,Boost Mobile,"Chicago, IL 60660",,,,,,,,False,
P19,Retail Shop,Chicagoland Games Dice Dojo,5550 North Broadway,,(773) 728-3656,https://chicagolandgames.com/,staff@chicagolandgames.com,Mo-Sa 10:00-00:00; Su 10:00-22:00; Tu 10:00-22:00,,,False,
P19,Retail Shop,IGOR DOES MY BIKE,5454 N BROADWAY  1,EDGEWATER,(773) 968-2453,https://www.igordoesmybike.com/,info@igordoesmybike.com,Tu-Fr 11:00-18:00; Sa-Su 11:00-17:00,,,False,
P19,Retail Shop,Igor Does My Bike,"Chicago, IL 60660",,(773) 968-2453,https://www.igordoesmybike.com/,info@igordoesmybike.com,Tu-Fr 11:00-18:00; Sa-Su 11:00-17:00,,,False,
P19,Retail Shop,Mattress Firm,5232 North Broadway,,(773) 989-7232,https://www.mattressfirm.com/en-us/stores/il/chicago/119138/,,Mo-Sa 10:00-20:00; Su 11:00-18:00,,,False,
P19,Retail Shop,PetSmart,5210 North Broadway,,(773) 250-0201,https://www.petsmart.com/stores/us/il/chicago-store2524.html,,Mo-Sa 09:00-20:00; Su 10:00-19:00,,,False,
P20,Other Business,Standard Parking,5455 N SHERIDAN RD,EDGEWATER,,,,,,,False,
P21,Auto Services,LUU'S AUTO BODY,1125 W FOSTER AVE  REAR,UPTOWN,,,,,,,False,
P21,Auto Services,"TURBO AUTO REPAIR & BODY SERVICE, INC.",1127-1133 W FOSTER AVE 1S,UPTOWN,,,,,,,False,
P21,Bar/Nightlife,FOREMOST LIQUORS,1040 W ARGYLE ST 1ST,UPTOWN,,,,,,,False,
P21,Bar/Nightlife,Hops & Grapes #3,1025-1027 W ARGYLE ST 1ST,UPTOWN,,,,,,,False,
P21,Beauty/Salon,ADVANCED ESTHETICS BEAUTY FOREVER,4945 N BROADWAY   1,UPTOWN,,,,,,,False,
P21,Beauty/Salon,Helen’s Beauty Salon,"Chicago, IL 60660",,,,,,,,False,
P21,Beauty/Salon,LYNAMY BEAUTY SUPPLY,4917 N BROADWAY   1ST,UPTOWN,,,,,,,False,
P21,Beauty/Salon,LYNAMY BEAUTY SUPPLY,4925 N BROADWAY    G,UPTOWN,,,,,,,False,
P21,Beauty/Salon,Lynamy Beauty Supply,4925 N BROADWAY    C,UPTOWN,,,,,,,False,
P21,Beauty/Salon,Orlando Salon and Beauty Supply,5125 North Broadway,,,,,,,,False,
P21,Beauty/Salon,QUEEN BEAUTY SALON,4939 N BROADWAY  1,UPTOWN,,,,,,,False,
P21,Beauty/Salon,Queen,"Chicago, IL 60660",,,,,,,,False,
P21,Beauty/Salon,SALON M ON ARGYLE,1059 W ARGYLE ST 1ST,UPTOWN,,,,,,,False,
P21,Beauty/Salon,Salon M,"Chicago, IL 60660",,,,,,,,False,
P21,Beauty/Salon,Shiseido,"Chicago, IL 60660",,,,,,,,False,
P21,Beauty/Salon,Spa Nail Supply,"Chicago, IL 60660",,,,,Su-Fr 09:00-18:00,,,False,
P21,Beauty/Salon,TINA BEAUTY SALON,4947 N BROADWAY  1,UPTOWN,,,,,,,False,
P21,Beauty/Salon,Tiny,"Chicago, IL 60660",,,,,,,,False,
P21,Cafe,CAFE HOANG,1063-1065 W ARGYLE ST 1,UPTOWN,,,,,,,False,
P21,Cafe,CHIU QUON BAKERY,1127 W ARGYLE ST 1,UPTOWN,(773) 907-8888,http://chiuquonbakery.com/,,08:00-18:00; Tu Off,,,False,
P21,Cafe,FIRST SIP CAFE,1057 W ARGYLE ST,UPTOWN,,https://www.firstsip.cafe/,,,,,False,
P21,Cafe,HONEYMOON CAFE INC,1138 W ARGYLE ST,UPTOWN,,,,,,,False,
P21,Cafe,Uni Uni,1130 West Argyle Street,,,,,,,,False,
P21,Cultural/Tourism,Argyle-O-Rama,"Chicago, IL 60660",,,https://www.transitchicago.com/art/argyle/,,,,,False,
P21,Cultural/Tourism,Cornucopia,"Chicago, IL 60660",,,https://www.transitchicago.com/art/argyle/,,,,,False,
P21,Cultural/Tourism,Vietnam,"Chicago, IL 60660",,,,,,,,False,
P21,Doctor Office,Lau Medical,"Chicago, IL 60660",,,,,,,,False,
P21,Doctor Office,Mini Thương Xá,"Chicago, IL 60660",,,,,,,,False,
P21,Financial,International Bank of Chicago,5069 North Broadway,,,https://www.inbk.com/,,,,,False,
P21,Gas Station,National Car Wash,4900 North Broadway,,,,,,,,False,
P21,Grocery/Food Retail,"ARGYLE GROCERY, INC.",1131 W ARGYLE ST 1ST,UPTOWN,,,,,,,False,
P21,Grocery/Food Retail,Argyle Store,"Chicago, IL 60660",,,,,,,,False,
P21,Grocery/Food Retail,Chiu Quon Bakery,1127 West Argyle Street,,(773) 907-8888,http://chiuquonbakery.com/,,08:00-18:00; Tu Off,,,False,
P21,Grocery/Food Retail,HOA MY MARKET,1123 W ARGYLE ST,UPTOWN,,,,,,,False,
P21,Grocery/Food Retail,Hong Xuong Bakery,1139 West Argyle Street,,(773) 878-2888,,,,,,False,
P21,Grocery/Food Retail,J&A Convenience Store,"Chicago, IL 60660",,,,,,,,False,
P21,Grocery/Food Retail,La Pâtisserie P,1050 West Argyle Street,,(773) 878-3226,http://www.lapatisseriepbakery.com/,,,,,False,
P21,Grocery/Food Retail,Lucks Food,"Chicago, IL 60660",,,,,,,,False,
P21,Grocery/Food Retail,OLD WORLD MARKET,5129-5135 N BROADWAY,UPTOWN,(773) 989-4440,https://www.oldworldmarket.com/,,"Mo-Th 07:00-19:00, Fr-Su 06:00-19:00",,,False,
P21,Grocery/Food Retail,Old World Market,5129 North Broadway,,(773) 989-4440,https://www.oldworldmarket.com/,,"Mo-Th 07:00-19:00, Fr-Su 06:00-19:00",,,False,
P21,Grocery/Food Retail,Tai Nam Market,4925 North Broadway,,(773) 275-5666,http://www.tainammarket.com/,,Mo-Su 09:00-20:00,,,False,
P21,Grocery/Food Retail,Tiệm Tạp Hóa Việt Hoa,1051 West Argyle Street,,,,,,,,False,
P21,Healthcare/Medical,Rush Physical Therapy,5151 N BROADWAY    108,UPTOWN,,,,,,,False,
P21,Liquor Store,Foremost Liquors,1040 West Argyle Street,,,,,,,,False,
P21,Office,CPA and Associates,"Chicago, IL 60660",,,,,,,,False,
P21,Office,JERE,"Chicago, IL 60660",,,,,,,,False,
P21,Other Business,ASIAN CONNECTION,1110 W ARGYLE ST GROUND,UPTOWN,,,,,,,False,
P21,Other Business,CHICAGO PARKING SOLUTIONS,5126 N KENMORE AVE,UPTOWN,,,,,,,False,
P21,Other Business,COMPLETE CARE AT MARGATE PARK,4920 N KENMORE AVE LL-6,UPTOWN,,,,,,,False,
P21,Other Business,DIEN DAN CHICAGO,4947 N BROADWAY,UPTOWN,,,,,,,False,
P21,Other Business,DIGIDUH SOLUTIONS LLC,5043 N WINTHROP AVE,UPTOWN,,,,,,,False,
P21,Other Business,HIEP LOI GIFT & FURNITURE INC,1125 W ARGYLE ST,UPTOWN,,,,,,,False,
P21,Other Business,J & S COSMETIC STORE,1133 W ARGYLE ST,UPTOWN,,,,,,,False,
P21,Other Business,KIM HUOT GIFTS & CLOTH,1054 W ARGYLE ST,UPTOWN,,,,,,,False,
P21,Other Business,Kim Huot Jewelry Co,1046 W ARGYLE ST,UPTOWN,,,,,,,False,
P21,Other Business,LUCKY STONE BOOKKEEPING,5114 N KENMORE AVE  1S,UPTOWN,,,,,,,False,
P21,Other Business,MILES CHAFFER,5120 N KENMORE AVE 3N,UPTOWN,,,,,,,False,
P21,Other Business,MYVIET SHIPPING,1056 W ARGYLE ST,UPTOWN,,,,,,,False,
P21,Other Business,OFFICE OF CPA & ASSOCIATES LTD,1023 1/2 W ARGYLE ST,UPTOWN,,,,,,,False,
P21,Other Business,PRINAJ CARGO & TRAVEL,5125 N BROADWAY  1 A,UPTOWN,,,,,,,False,
P21,Other Business,STANDARD PARKING,5017-5035 N WINTHROP AVE,UPTOWN,,,,,,,False,
P21,Other Business,Serge Abellard,5133 N WINTHROP AVE  APT 3A,UPTOWN,,,,,,,False,
P21,Other Business,TAI NAM CORPORATION,4917 N BROADWAY,UPTOWN,,,,,,,False,
P21,Other Business,TAILORED MAGIC,4956 N SHERIDAN RD 1,UPTOWN,,,,,,,False,
P21,Other Business,TAN THANH BOOK & GIFT CO,1135 W ARGYLE ST,UPTOWN,,,,,,,False,
P21,Other Business,TRE SPA INC.,4928 N BROADWAY  1,UPTOWN,,,,,,,False,
P21,Other Business,The Thresholds,4940 N WINTHROP AVE,UPTOWN,,,,,,,False,
P21,Restaurant,Chinese Lanterns,"Chicago, IL 60660",,,,,,,,False,
P21,Restaurant,DANANG KITCHEN,1019 1/2 W ARGYLE ST 1ST,UPTOWN,,,,,,,False,
P21,Restaurant,"DOUBLE HAPPINESS ENTERPRISES, INC.",1061 W ARGYLE ST 1ST,UPTOWN,,,,,,,False,
P21,Restaurant,Double Happiness,"Chicago, IL 60660",,,,,,,,False,
P21,Restaurant,GUSTOS FOOD AND SWEETS,1046 1/2 W ARGYLE ST 1,UPTOWN,,,,,,,False,
P21,Restaurant,HAIBAYO,1132 W ARGYLE ST 1,UPTOWN,,,,,,,False,
P21,Restaurant,HONG HIEP MOBILE,1126 W ARGYLE ST 1ST,UPTOWN,(773) 334-8831,,,,,,False,
P21,Restaurant,Hon Kee Restaurant,"Chicago, IL 60660",,(773) 878-6650,,,We-Mo 09:00-21:00,,,False,
P21,Restaurant,Hải Yến,"Chicago, IL 60660",,,,,,,,False,
P21,Restaurant,ICE STATION,1130 W ARGYLE ST 1,UPTOWN,,,,,,,False,
P21,Restaurant,Immm,"Chicago, IL 60660",,,,,,,,False,
P21,Restaurant,J & A CONVENIENT STORE,1108 W ARGYLE ST 1ST,UPTOWN,,,,,,,False,
P21,Restaurant,LA PATISSERIE P,1050  -01052 W ARGYLE ST 1ST,UPTOWN,,,,,,,False,
P21,Restaurant,Lê’s Phở,"Chicago, IL 60660",,,,,,,,False,
P21,Restaurant,MCDONALDS,5130 N SHERIDAN RD  1,UPTOWN,,,,,,,False,
P21,Restaurant,McDonald's,5130 North Sheridan Road,,(773) 275-9035,https://www.mcdonalds.com/us/en-us/location/4588.html,,05:00-24:00,,,False,
P21,Restaurant,Miss Saigon,"Chicago, IL 60660",,,,,,,,False,
P21,Restaurant,Miss Saigon,1129 W ARGYLE ST,UPTOWN,,,,,,,False,
P21,Restaurant,New Chinatown Restaurant & Coffee Shop,"Chicago, IL 60660",,,,,,,,False,
P21,Restaurant,PHO 888,1137 W ARGYLE ST 1,UPTOWN,,,,,,,False,
P21,Restaurant,PHO LOAN RESTAURANT,1114 W ARGYLE ST 1ST,UPTOWN,,,,,,,False,
P21,Restaurant,Pho 777 Restaurant,1104-1106 W ARGYLE ST,UPTOWN,,,,,,,False,
P21,Restaurant,Phở 777,"Chicago, IL 60660",,,,,,,,False,
P21,Restaurant,Phở 888,"Chicago, IL 60660",,,,,,,,False,
P21,Restaurant,Phở Loan,"Chicago, IL 60660",,,,,,,,False,
P21,Restaurant,Phở Việt,"Chicago, IL 60660",,,,,"Mo-We,Fr 10:00-21:00; Sa,Su 09:30-21:00",,,False,
P21,Restaurant,Phở Xe Lửa,"Chicago, IL 60660",,,,,,,,False,
P21,Restaurant,Phở Xe Tăng (Tank Noodle),4953 North Broadway,,(773) 878-2253,https://www.tank-noodle.com/,,,,,False,
P21,Restaurant,Sun Wah Bar-B-Que,5041 North Broadway,,(773) 769-1254,https://sunwahbbq.com/,,Su-We 09:00-21:00; Fr-Sa 09:00-22:00,,,False,
P21,Restaurant,TAI NAM CORPORATION,4925 N BROADWAY,UPTOWN,(773) 784-5399,https://www.thaipastry.com/,,,,,False,
P21,Restaurant,TANK NOODLE PHO XE TANG,4953 - 4955 N BROADWAY  1ST,UPTOWN,,,,,,,False,
P21,Restaurant,THAI PASTRY,1113-1115 W ARGYLE ST,UPTOWN,,,,,,,False,
P21,Restaurant,TURKISH DONER,1007 W ARGYLE ST 1,UPTOWN,,,,,,,False,
P21,Restaurant,Thai Pastry Cafe and Restaurant,1113 West Argyle Street,,,,,,,,False,
P21,Restaurant,Thai Pastry Restaurant,4925 North Broadway,,(773) 784-5399,https://www.thaipastry.com/,,,,,False,
P21,Restaurant,VIET HOA PLAZA,1051 W ARGYLE ST  1,UPTOWN,,,,,,,False,
P21,Restaurant,VINH HOA INCORPORATED,1142 W ARGYLE ST 1ST,UPTOWN,,,,,,,False,
P21,Restaurant,YOOYEE,4925 N BROADWAY   E,UPTOWN,,,,,,,False,
P21,Restaurant,YooYee,4925 North Broadway,,(773) 754-0455,https://YooYee - Chinese restaurant | Online Order | Chicago | IL https://share.google/K2bGv6VIxmveTZDI3,,"Mo-Su 11:30-21:30, 11:30-22:30",,,False,
P21,Restaurant,mia and more,4925 N BROADWAY    D,UPTOWN,,,,,,,False,
P21,Restaurant/Bar,FURAMA RESTAURANT INC,4936 N BROADWAY,UPTOWN,,,,,,,False,
P21,Restaurant/Bar,HAI YEN,1055 W ARGYLE ST 1ST,UPTOWN,,,,,,,False,
P21,Restaurant/Bar,HON KEE BBQ & SEAFOOD RESTAURANT INC,5009 N WINTHROP AVE,UPTOWN,,,,,,,False,
P21,Restaurant/Bar,PHO VIET,4941 N BROADWAY  1,UPTOWN,,,,,,,False,
P21,Restaurant/Bar,RAKKAN RAMEN,4926 N BROADWAY,UPTOWN,,,,,,,False,
P21,Restaurant/Bar,TIMELINE THEATRE COMPANY,5035 N BROADWAY  1-5,UPTOWN,,,,,,,False,
P21,Retail Shop,A Touch of China,"Chicago, IL 60660",,,,,,,,False,
P21,Retail Shop,DOLLAR DEPOT,1017 W ARGYLE ST,UPTOWN,,,,,,,False,
P21,Retail Shop,Dollar Depot,"Chicago, IL 60660",,,,,,,,False,
P21,Retail Shop,HENG HENG JEWELRY,1058 W ARGYLE ST 1,UPTOWN,,,,,,,False,
P21,Retail Shop,Heng Heng Jewelry,"Chicago, IL 60660",,,,,,,,False,
P21,Retail Shop,Hoang Kim Jewelry,"Chicago, IL 60660",,,,,,,,False,
P21,Retail Shop,Hong Hiep Mobile,1126 West Argyle Street,,(773) 334-8831,,,,,,False,
P21,Retail Shop,Hong Kong Beauty Supply,"Chicago, IL 60660",,,,,,,,False,
P21,Retail Shop,Khô Bò,"Chicago, IL 60660",,,,,,,,False,
P21,Retail Shop,Kim Hing Jewelry,"Chicago, IL 60660",,,,,,,,False,
P21,Retail Shop,Kim Long,"Chicago, IL 60660",,,,,,,,False,
P21,Retail Shop,Kim Video,"Chicago, IL 60660",,,,,,,,False,
P21,Retail Shop,Phnom Penh Jewelry,"Chicago, IL 60660",,,,,,,,False,
P21,Retail Shop,QIDEAS,1134 W ARGYLE ST 1ST,UPTOWN,,,,,,,False,
P21,Retail Shop,Qideas,"Chicago, IL 60660",,,,,,,,False,
P21,Retail Shop,Tiệm Thuốc Bắc Vĩnh Hoa,"Chicago, IL 60660",,,,,,,,False,
P21,Retail Shop,Tân-Thanh Gift Shop,"Chicago, IL 60660",,,,,,,,False,
P21,Tobacco/Vape Shop,BROADWAY WASH,4900-4916 N BROADWAY,UPTOWN,,,,,,,False,
P23,Beauty/Salon,SALON 929,929 W FOSTER AVE 1,UPTOWN,,,,,,,False,
P23,Healthcare Specialist,Doctors of Physical Therapy,"Chicago, IL 60660",,,,,,,,False,
P23,Other Business,GENITOPHOTO,5100 N MARINE DR 16TH H,UPTOWN,,,,,,,False,
P23,Other Business,MICHAEL ALEXANDER RAFFERTY,930 W WINONA ST  507,UPTOWN,,,,,,,False,
P23,Other Business,MUTUAL GROUND MEDIATION,912 W WINONA ST 3 3E,UPTOWN,,,,,,,False,
P23,Other Business,THE ADMIRAL AT THE LAKE,933-943 W FOSTER AVE 7-12 1,UPTOWN,,,,,,,False,
P23,Restaurant,THE ADMIRAL AT THE LAKE,929 W FOSTER AVE 1,UPTOWN,,,,,,,False,
P24,Cultural/Tourism,Carved Stumps,"Chicago, IL 60660",,,,,,,,False,
P24,Other Business,ATLASPRIMEGOODS LLC,4970 N MARINE DR 14TH 1424,,,,,,,,False,
P24,Other Business,CONFIDENT HOME,5030 N MARINE DR 26TH 2611,UPTOWN,,,,,,,False,
P24,Other Business,DAVE JOHN LLC,4920 N MARINE DR 2 203,UPTOWN,,,,,,,False,
P24,Other Business,G.D PAINTING & DECORATING,5030 N MARINE DR 14TH 1405,UPTOWN,,,,,,,False,
P24,Other Business,HERE 2 CLEAN,4980 N MARINE DR 7TH 733,,,,,,,,False,
P24,Other Business,MICHAEL COLEMAN,4945 N SHERIDAN RD  1204,UPTOWN,,,,,,,False,
P24,Other Business,NOBLE PRO PAINTING,857 W MARGATE TER 3RD 3,UPTOWN,,,,,,,False,
P24,Other Business,TAYLOR-MADE CONSTRUCTIONS,5030 N MARINE DR  2112,UPTOWN,,,,,,,False,
P24,Other Business,TBN STRATEGY,4970 N MARINE DR 14 1427,,,,,,,,False,
P24,Retail Shop,Bike Rentals,"Chicago, IL 60660",,,,,,,,False,
P24,Retail Shop,Get A Grip Trapeze School,"Chicago, IL 60660",,,https://chicago.trapezeschool.com,,,,,False,
P25,Auto Services,NORTH SHORE AUTO REBUILDERS,6250-6254 N BROADWAY,EDGEWATER,,,,,,,False,
P25,Auto Services,NORTH SHORE AUTO SERVICE INC,6240 N BROADWAY   1,EDGEWATER,,,,,,,False,
P25,Bar/Nightlife,SOVEREIGN LIQUORS,6202 N BROADWAY  1ST,EDGEWATER,(773) 274-0057,,,,,,False,
P25,Bar/Nightlife,Sovereign Liquors,6202 North Broadway,,(773) 274-0057,,,,,,False,
P25,Beauty/Salon,GLAMOUR NAILS,6234 N BROADWAY  1,EDGEWATER,,,,,,,False,
P25,Beauty/Salon,ILLUSSION OF BEAUTY,1208 W GRANVILLE AVE 1,EDGEWATER,,,,,,,False,
P25,Beauty/Salon,SOPHISTICATE BEAUTY STUDIO,1337 W DEVON AVE,EDGEWATER,,,,,,,False,
P25,Cafe,RIVERS AND ROADS CAFE,1259 W DEVON AVE 1,EDGEWATER,,,,,,,False,
P25,Cafe,Rivers & Roads,1259 West Devon Avenue,,(773) 807-2109,https://riversandroadsprovisions.com/,,,,,False,
P25,Cafe,STABUCKS COFFEE #19283,6350 N BROADWAY  1 1,EDGEWATER,,,,,,,False,
P25,Cafe,Starbucks,6350 North Broadway,,(773) 274-2638,https://www.starbucks.com/store-locator/store/1006011/broadway-devon-6350-north-broadway-chicago-il-606601402-us,,,,,False,
P25,Cafe,TBaar - Chicago,1223 West Devon Avenue,,,,,Mo-Su 11:30-21:00,,,False,
P25,Healthcare Specialist,Athletico Physical Therapy,1325 West Devon Avenue,,,,,,,,False,
P25,Other Business,BLISS JOY BULL,1210 W GRANVILLE AVE  WEST,EDGEWATER,,,,,,,False,
P25,Other Business,Bentley's Pet Stuff,1257 W DEVON AVE 1,EDGEWATER,,,,,,,False,
P25,Other Business,Bravo Restaurants Inc,6228 N BROADWAY,EDGEWATER,,,,,,,False,
P25,Other Business,CHI-TOWN SHAKTI L.L.C.,1343 W DEVON AVE 1ST,EDGEWATER,,,,,,,False,
P25,Other Business,ETHIO- MART,6236 N BROADWAY  1ST,EDGEWATER,,,,,,,False,
P25,Other Business,FRANCINE'S,1210 W GRANVILLE AVE  EAST,EDGEWATER,,,,,,,False,
P25,Other Business,JOLIE TOI,6204 N BROADWAY,EDGEWATER,,,,,,,False,
P25,Other Business,LOYAL SPA LLC,1221 W DEVON AVE 1S,EDGEWATER,,,,,,,False,
P25,Other Business,Megan Brown Designs,6200 N BROADWAY,EDGEWATER,,,,,,,False,
P25,Other Business,Serindia Publications,6350 N MAGNOLIA AVE  3,EDGEWATER,,,,,,,False,
P25,Pet Services/Vet,Mutt Jackson,1206 W GRANVILLE AVE,EDGEWATER,,,,,,,False,
P25,Pet Services/Vet,VELVET ROSE TATTOO CLUB LLC,1333 W DEVON AVE 1,EDGEWATER,,,,,,,False,
P25,Restaurant,DUNKIN DONUTS / BASKIN ROBBINS,6332 N BROADWAY  1ST,EDGEWATER,,,,,,,False,
P25,Restaurant,Dunkin',6332 North Broadway,,(773) 973-0829,https://locations.dunkindonuts.com/en/il/chicago/6332-n-broadway-st/306072,,04:00-22:00,,,False,
P25,Restaurant,HELLO THAI,1215 W DEVON AVE 1,EDGEWATER,,,,,,,False,
P25,Restaurant,MURA MURA RAMEN,1217 W DEVON AVE,EDGEWATER,,,,,,,False,
P25,Restaurant,NORI SUSHI & NOODLE SHOP,1235 W DEVON AVE,EDGEWATER,,,,,,,False,
P25,Restaurant,PAPA JOHNS,1241-1245 W DEVON AVE 1ST,EDGEWATER,,,,,,,False,
P25,Restaurant,Popeye's #832,6340 N BROADWAY,EDGEWATER,(773) 973-0330,https://www.popeyes.com/store-locator/store/restaurant_81898,,10:00-01:00,,,False,
P25,Restaurant,Popeyes,6340 North Broadway,EDGEWATER,(773) 973-0330,https://www.popeyes.com/store-locator/store/restaurant_81898,,10:00-01:00,,,False,
P25,Restaurant,Rivers and Roads Kitchen,1251 W DEVON AVE 1,EDGEWATER,,,,,,,False,
P25,Restaurant,TBAAR,1223 W DEVON AVE 1ST,EDGEWATER,,,,,,,False,
P25,Restaurant,VARIETALEBAGELS8COFFE,6206 N BROADWAY  1ST,EDGEWATER,,,,,,,False,
P25,Restaurant,VEE-VEE'S AFRICAN RESTAURANT,6232 N BROADWAY  1ST,EDGEWATER,,,,,,,False,
P25,Restaurant,YATAI,6230 N BROADWAY  1,EDGEWATER,,,,,,,False,
P25,Restaurant,YATAI Asian Street Food,6230 North Broadway,,(773) 961-8000,https://yataitogo.square.site/,,,,,False,
P25,Restaurant/Bar,AWASH ETHIOPIAN RESTAURANT,6324-6326 N BROADWAY  1,EDGEWATER,,,,,,,False,
P25,Retail Shop,"Andy’s Art, Antiques & Oddities",1253 West Devon Avenue,,(773) 654-3975,https://andysartantiquesandoddities.com/,,,,,False,
P25,Tobacco/Vape Shop,CHICAGO VAPOR ZONE,6238 N BROADWAY  1,EDGEWATER,,,,,,,False,
P26,Bar/Nightlife,Aura by Uvae,"Chicago, IL 60660",,,,,,,,False,
P26,Cultural/Tourism,Come to Light,"Chicago, IL 60660",,,https://www.chicagoparkdistrict.com/parks-facilities/come-light-artwork,,,,,False,
P26,Grocery/Food Retail,HOLLYWOOD MARKET PLACE,5701 N SHERIDAN RD 1 022,EDGEWATER,,,,,,,False,
P26,Other Business,HOLLYWOOD,5701 N SHERIDAN RD  OUTDOOR,EDGEWATER,,,,,,,False,
P26,Restaurant/Bar,Aura,5701 N LAKE SHORE DR,EDGEWATER,,,,,,,False,
P27,Auto Services,K M AUTO BODY & EXPORTS,1123 W ROSEMONT AVE,EDGEWATER,,,,,,,False,
P27,Auto Services,ROSEMONT FOREIGN & DOM AUTO IN,1123  -00025 W ROSEMONT AVE  1,EDGEWATER,,,,,,,False,
P27,Bar/Nightlife,Porkchop Restaurant and Bar | Big Tex Tacos | Meet and Whiskey,6341-6343 N BROADWAY  1,EDGEWATER,,,,,,,False,
P27,Beauty/Salon,SUNSHINE THREADING SALON,1108 W GRANVILLE AVE 1ST,EDGEWATER,,,,,,,False,
P27,Cafe,Gong Cha,1139 West Sheridan Road,,,,,,,,False,
P27,Cafe,Gordo’s,1120 West Granville Avenue,,(773) 262-8226,https://gordosicecream.com/,,,,,False,
P27,Financial,Bank of America,6359 North Broadway,,,https://locators.bankofamerica.com/il/chicago/sales-office-atm-chicago-107455.html,,,,,False,
P27,Grocery/Food Retail,ALDI,6221 N BROADWAY  1,EDGEWATER,(833) 440-1065,https://stores.aldi.us/il/chicago/6221-n-broadway,,Mo-Su 08:30-20:00,,,False,
P27,Grocery/Food Retail,Aldi,6221 North Broadway,,(833) 440-1065,https://stores.aldi.us/il/chicago/6221-n-broadway,,Mo-Su 08:30-20:00,,,False,
P27,Gym/Fitness,EDGEWATER ATHLETIC & SWIM,1040 W GRANVILLE AVE,EDGEWATER,(773) 262-2455,http://edgewaterathletic.com,,,,,False,
P27,Healthcare/Medical,MED PSYCHE LLC,1108 W GRANVILLE AVE 1,EDGEWATER,,,,,,,False,
P27,Other Business,"DKAM, INC.",1134 W GRANVILLE AVE 6TH 601,EDGEWATER,,,,,,,False,
P27,Other Business,EVA FAMILY LLC,6250 N KENMORE AVE 4TH 401,EDGEWATER,,,,,,,False,
P27,Other Business,"STORAGE POST / 6331 N BROADWAY, LLC",6331 N BROADWAY   BSMT-6TH FLOOR,EDGEWATER,,,,,,,False,
P27,Other Business,Tim Ng,6241 N WINTHROP AVE,EDGEWATER,,,,,,,False,
P27,Other Business,iCryo Edgewater,1130 W GRANVILLE AVE GROUND FLOOR,EDGEWATER,,,,,,,False,
P27,Restaurant,Aramark @ Loyola Denobili,6350 N KENMORE AVE 1ST,EDGEWATER,,,,,,,False,
P27,Restaurant,Aramark @ Loyola Green,6327 N KENMORE AVE 1ST,EDGEWATER,,,,,,,False,
P27,Restaurant,Aramark @ Loyola Simpson Residential,6333 N WINTHROP AVE,EDGEWATER,,,,,,,False,
P27,Restaurant,DEEP PURPLE,1137 W SHERIDAN RD,EDGEWATER,,,,,,,False,
P27,Restaurant,Dak,1104 West Granville Avenue,EDGEWATER,(773) 754-0255,https://www.dakwings.com/,,,,,False,
P27,Restaurant,MCDONALDS,6231 N BROADWAY,EDGEWATER,(773) 743-1316,https://www.mcdonalds.com/us/en-us/location/4650.html,,05:00-24:00,,,False,
P27,Restaurant,McDonald's,6231 North Broadway,EDGEWATER,(773) 743-1316,https://www.mcdonalds.com/us/en-us/location/4650.html,,05:00-24:00,,,False,
P27,Restaurant,PETE'S PIZZA & BAKEHOUSE,1100 W GRANVILLE AVE,EDGEWATER,(773) 262-4040,https://www.pizzapetes.com/,,,,,False,
P27,Restaurant,Pete's Pizza,1100 West Granville Avenue,EDGEWATER,(773) 262-4040,https://www.pizzapetes.com/,,,,,False,
P27,Restaurant,RISING ROLL @ LOYOLA UNIVERSITY,6314 N WINTHROP AVE 1ST,EDGEWATER,,,,,,,False,
P27,Restaurant,SAM'S CHICKEN AND RIBS,1102 W GRANVILLE AVE 1ST,EDGEWATER,,,,,,,False,
P27,Restaurant,TAMASHII RAMEN HOUSE,1104 W GRANVILLE AVE,EDGEWATER,(773) 754-0255,https://www.dakwings.com/,,,,,False,
P27,Restaurant/Bar,FLACO'S TACOS,1116-1120 W GRANVILLE AVE 1ST,EDGEWATER,(773) 262-8226,https://www.flacostacosonline.com/,,,,,False,
P27,Retail Shop,Resale - Second Hand etc,"Chicago, IL 60660",,,,,,,,False,
P27,Retail Shop,VERIZON WIRELESS PREMIUM RETAILER,6355 N BROADWAY,EDGEWATER,,https://www.verizon.com/stores/details/illinois/chicago/mobile-generation-loyola-a00000257801/,,,,,False,
P27,Retail Shop,Verizon,6355 North Broadway,EDGEWATER,,https://www.verizon.com/stores/details/illinois/chicago/mobile-generation-loyola-a00000257801/,,,,,False,
P27,Veterinary,Broadway Animal Hospital,6211 North Broadway,,(773) 262-5445,https://broadwayanimalhosp.com/,broadwayanimalstaff@gmail.com,,,,False,
P28,Auto Services,AB MARATHON,1528 W HOLLYWOOD AVE,EDGEWATER,,,,,,,False,
P28,Financial,BMO,5711 North Clark Street,,,,,,,,False,
P28,Gym/Fitness,105F Yoga,5715 North Clark Street,,(773) 300-8658,https://105f.com/105f/schedule/andersonville-studio,,,,,False,
P28,Gym/Fitness,B & W GYM,5920 N RIDGE AVE  BASEM,EDGEWATER,,,,,,,False,
P28,Other Business,105F,5715 N CLARK ST 2,EDGEWATER,,,,,,,False,
P28,Other Business,5905 N CLARK LLC,1548 W ARDMORE AVE,EDGEWATER,,,,,,,False,
P28,Other Business,Chicago Gay Men's Chorus,5756 N RIDGE AVE  1,,,,,,,,False,
P28,Other Business,DILUTED SHARES LLC,1525 W VICTORIA ST,EDGEWATER,,,,,,,False,
P28,Other Business,LAS ANIMAS,5723 N CLARK ST 2ND 204,EDGEWATER,,,,,,,False,
P28,Other Business,On The Rocks Gems Jewelry and More,5709 N CLARK ST 1F STORFRNT,EDGEWATER,,,,,,,False,
P28,Other Business,"Projects By Molly, LLC",5840 N GLENWOOD AVE 2 2N,EDGEWATER,,,,,,,False,
P28,Restaurant,M Henry,5707 North Clark Street,EDGEWATER,(773) 561-1600,https://www.mhenry.net/,,,,,False,
P28,Restaurant,SLICE EXPRESS,5777 N RIDGE AVE 1ST,EDGEWATER,,,,,,,False,
P28,Restaurant/Bar,M. HENRY,5705-5707 N CLARK ST 1,EDGEWATER,(773) 561-1600,https://www.mhenry.net/,,,,,False,
P28,Retail Shop,GETHSEMANE GARDEN CENTER,5739 N CLARK ST 1ST,EDGEWATER,(773) 878-5915,https://www.gethsemanegardens.com/,,Mo-Su 09:00-16:00,,,False,
P28,Retail Shop,Gethsemane Garden Center,5739 North Clark Street,,(773) 878-5915,https://www.gethsemanegardens.com/,,Mo-Su 09:00-16:00,,,False,
P28,Retail Shop,On the Rocks,5709 North Clark Street,,(773) 649-0111,http://ontherockschicago.com/,,Tu-Fr 11:00-19:00; Sa 11:00-18:00; Su 11:00-17:00,,,False,
P29,Bar/Nightlife,BREAKER'S PANTRY,5343 N SHERIDAN RD 1ST,EDGEWATER,,,,,,,False,
P29,Beauty/Salon,MY HAIR SALON,5323 N SHERIDAN RD 1ST,EDGEWATER,,,,,,,False,
P29,Grocery/Food Retail,Breakers Pantry,"Chicago, IL 60660",,,,,Mo-Su 08:00-22:00,,,False,
P29,Other Business,"AB4U, INC.",5325 N SHERIDAN RD,EDGEWATER,,,,,,,False,
P29,Other Business,ENTERPRISE RENT-A-CAR,5313 N SHERIDAN RD 1ST,EDGEWATER,,,,,,,False,
P29,Other Business,LAZ PARKING,5333 N SHERIDAN RD,EDGEWATER,,,,,,,False,
P29,Restaurant,WOW PIZZERIA,5335 N SHERIDAN RD 1ST,EDGEWATER,,,,,,,False,
P30,Auto Services,"VALUE SERVICES, INC.",6040 N BROADWAY,EDGEWATER,,,,,,,False,
P30,Bar/Nightlife,DOUBLE BUBBLE,6036 N BROADWAY  1,EDGEWATER,(773) 743-9465,,,,,,False,
P30,Bar/Nightlife,Double Bubble,6036 North Broadway,,(773) 743-9465,,,,,,False,
P30,Cafe,Lickety Split,"Chicago, IL 60660",,,,,,,,False,
P30,Doctor Office,Physicians Immediate Care,6128-6136 North Broadway,,,,,Mo-Su 08:00-20:00,,,False,
P30,Office,H&R Block,6030 North Broadway,,(773) 465-4234,https://www.hrblock.com/tax-office-near-me/illinois/chicago/12823/,,,,,False,
P30,Other Business,ALBERI CREATIONS,1218 W HOOD AVE  1,EDGEWATER,,,,,,,False,
P30,Other Business,EVERYTHING DOLLAR (PLUS),6028 N BROADWAY,,,,,,,,False,
P30,Other Business,Irina Sage,1235 W GRANVILLE AVE BASEMENT EAST,EDGEWATER,,,,,,,False,
P30,Other Business,KIM'S CLARENDON HARDWARE,6050 N BROADWAY  1 1,EDGEWATER,,,,,,,False,
P30,Other Business,LAKESHORE CUTS,6046 N BROADWAY  1,EDGEWATER,,,,,,,False,
P30,Other Business,MELT AND MOLDS LLC,6034 N BROADWAY,EDGEWATER,,,,,,,False,
P30,Other Business,Pure Barre Chicago-Edgewater,6054 N BROADWAY,EDGEWATER,,,,,,,False,
P30,Other Business,SOPHIE'S CLOSET,6124 N BROADWAY  1ST,EDGEWATER,,,,,,,False,
P30,Pharmacy,CVS Pharmacy,6150 North Broadway,EDGEWATER,,https://www.cvs.com/store-locator/chicago-il-pharmacies/6150-n-broadway-chicago-il-60660/storeid=8747,,,,,False,
P30,Restaurant,CVS/PHARMACY #8747,6150 N BROADWAY,EDGEWATER,,https://www.cvs.com/store-locator/chicago-il-pharmacies/6150-n-broadway-chicago-il-60660/storeid=8747,,,,,False,
P30,Restaurant,Desi Boys Pizza,6147 North Broadway,EDGEWATER,(773) 200-4444,https://desiboyspizza.com/,,Su-Th 10:00-22:00; Fr-Sa 10:00-23:00,,,False,
P30,Restaurant,"EN LAI ASIAN GRILL, INC.",6044 N BROADWAY,EDGEWATER,,,,,,,False,
P30,Restaurant,Ethiopian Diamond,"Chicago, IL 60660",,,,,,,,False,
P30,Restaurant,LICKITY SPLIT FROZEN CUSTARD AND SWEETS,6056 N BROADWAY ST 1ST,EDGEWATER,,,,,,,False,
P30,Restaurant,LOAVES & WITCHES,6034 N BROADWAY,EDGEWATER,(708) 512-4829,https://loavesandwitches.com/,info@loavesandwitches.com,Mo-Th 06:30-18:00,,,False,
P30,Restaurant,"PATIO BEEF, INC.",6022 N BROADWAY  1ST,EDGEWATER,,,,,,,False,
P30,Restaurant,Patio Beef,6022 North Broadway,,(773) 764-8500,,,,,,False,
P30,Restaurant,WINGSTOP RESTAURANT,6024 - 6026 N BROADWAY,EDGEWATER,,,,,,,False,
P30,Restaurant,Wingstop,6024 North Broadway,,(773) 942-6587,,,,,,False,
P30,Restaurant/Bar,ETHIOPIAN DIAMOND RESTAURANT,6120-6122 N BROADWAY  1ST,EDGEWATER,,,,,,,False,
P30,Retail Shop,BROADWAY ANTIQUE MARKET,6130 N BROADWAY  1ST,EDGEWATER,,,,,,,False,
P30,Retail Shop,Broadway Antique Market,6130 North Broadway,,,,,,,,False,
P30,Retail Shop,Dry Cleaner's,"Chicago, IL 60660",,,,,,,,False,
P30,Retail Shop,Kim's True Value Hardware,"Chicago, IL 60660",,,,,,,,False,
P30,Studio/Arts,"Andrews & Braddy Studios, Inc",1339 W HOOD AVE,EDGEWATER,,,,,,,False,
P31,Beauty/Salon,ALICIA HAIR SALON,5698 N RIDGE AVE 1ST,EDGEWATER,,,,,,,False,
P31,Beauty/Salon,Alicia Beauty,"Chicago, IL 60660",,,,,,,,False,
P31,Beauty/Salon,LE SALON DAY SPA CORP.,5642 N BROADWAY  1ST,EDGEWATER,,,,,,,False,
P31,Gym/Fitness,POWERED BY MOVEMENT FITNESS,5757 N RIDGE AVE 1ST,EDGEWATER,,,,,,,False,
P31,Gym/Fitness,Sivananda Yoga Vedanta Center,1246 West Bryn Mawr Avenue,,(773) 878-7771,https://sivanandachicago.org,,"Mo,Tu 06:00-21:30; We,Th 06:00-21:00; Fr 06:00-20:00; Sa 06:00-12:30; Su 14:00-20:30",,,False,
P31,Liquor Store,Spirits and Liquor,"Chicago, IL 60660",,,,,,,,False,
P31,Other Business,HAPPY HAMPER 2,5620 N RIDGE AVE,EDGEWATER,,,,,,,False,
P31,Other Business,Millie & Maggie Fiber Arts,1238 W BRYN MAWR AVE 2,EDGEWATER,,,,,,,False,
P31,Other Business,WASH OUT INN,5744 N RIDGE AVE,EDGEWATER,,,,,,,False,
P31,Restaurant,Edgewater Tacos,5624 N BROADWAY,EDGEWATER,(773) 944-0847,https://m.facebook.com/EdgewaterTacos,,Mo-Sa 11:00-21:00; Su 11:00-18:00,,,False,
P31,Restaurant,WALGREENS #04542,5625 N RIDGE AVE 1ST,EDGEWATER,,,,,,,False,
P31,Retail Shop,Allied Print & Copy,5640 North Broadway,,(773) 334-5200,https://alliedprintandcopy.com/,,Mo-Fr 10:00-17:00,,,False,
P31,Retail Shop,Happy Monday Coffee Roasters,1307 West Hollywood Avenue,,(312) 392-1644,https://happymondaycoffee.com/,,Sa-Su 09:00-13:00,,,False,
P31,Retail Shop,Walgreens,5625 North Ridge Avenue,,,https://www.walgreens.com/locator/walgreens-5625+n+ridge+ave-chicago-il-60660/id,,24/7,,,False,
P32,Auto Services,MICHIGAN MOTORS AUTO REPAIR INC.,6141 N BROADWAY  REAR OF BUILDING,EDGEWATER,,,,,,,False,
P32,Bar/Nightlife,ANVIL BAR,1137 W GRANVILLE AVE 1ST,EDGEWATER,,,,,,,False,
P32,Bar/Nightlife,Granville Anvil,1137 West Granville Avenue,,(773) 973-0006,https://www.theanvilbar.com/,,,,,False,
P32,Beauty/Salon,ELEGANCE SALON INC.,1049 W GRANVILLE AVE 1ST,EDGEWATER,,,,,,,False,
P32,Beauty/Salon,U'N JOY,1125 W GRANVILLE AVE 1ST,EDGEWATER,,,,,,,False,
P32,Cafe,KATHMANDU CAFE,6141 N BROADWAY  1ST,EDGEWATER,,,,,,,False,
P32,Cafe,METROPOLIS COFFEE COMPANY,1039-1041 W GRANVILLE AVE,EDGEWATER,,,,,,,False,
P32,Cafe,Metropolis Coffee,1039 West Granville Avenue,,(773) 764-0400,https://www.metropoliscoffee.com/,,,,,False,
P32,Cultural/Tourism,Granville Avenue Buildings,"Chicago, IL 60660",,,https://www.transitchicago.com/art/granville/,,,,,False,
P32,Financial,Currency Exchange,"Chicago, IL 60660",,,,,,,,False,
P32,Grocery/Food Retail,INS Market,1115 West Granville Avenue,,,,,,,,False,
P32,Grocery/Food Retail,NEW AMERICAN MINI FOOD MART,1047 W GRANVILLE AVE,EDGEWATER,,,,,,,False,
P32,Gym/Fitness,L A Fitness and Pro Results,6107 N BROADWAY  1,EDGEWATER,,,,,,,False,
P32,Gym/Fitness,LA Fitness,6107 North Broadway,,,https://www.lafitness.com/Pages/ClubHome.aspx?clubid=1050,,,,,False,
P32,Laundromat/Dry Cleaner,Lakeshore Cleaners,1043 W GRANVILLE AVE 1ST N/A,EDGEWATER,,,,,,,False,
P32,Other Business,ANNA DOROSH,6151 N WINTHROP AVE,EDGEWATER,,,,,,,False,
P32,Other Business,ClearImpact Advisors,6157 N KENMORE AVE  1S,EDGEWATER,,,,,,,False,
P32,Other Business,KOMOREBIS DIGITAL,6121 N WINTHROP AVE 3RD 3 N,EDGEWATER,,,,,,,False,
P32,Other Business,O'DWYER PAINTING & REMODELING LLC,6166 N SHERIDAN RD  16D,EDGEWATER,,,,,,,False,
P32,Other Business,RIVER JADE MOSAIC LLC,1127 W GRANVILLE AVE 2ND,EDGEWATER,,,,,,,False,
P32,Other Business,WAVE OF LAKE COMPANY,1051 W GRANVILLE AVE 1,EDGEWATER,,,,,,,False,
P32,Pharmacy,Walgreens,6121 North Broadway,,,https://www.walgreens.com/locator/walgreens-6121+n+broadway+st-chicago-il-60660/id=15197,,,,,False,
P32,Restaurant,Ann Sather,1147 West Granville Avenue,,(773) 823-0647,http://www.annsather.com,,Mo-Su 07:00-15:00,,,False,
P32,Restaurant,Ann Sather Restaurant Granville,1145-1147 W GRANVILLE AVE 1,EDGEWATER,,,,,,,False,
P32,Restaurant,DB PIZZA BROADWAY INC,6147 N BROADWAY,EDGEWATER,(773) 200-4444,https://desiboyspizza.com/,,Su-Th 10:00-22:00; Fr-Sa 10:00-23:00,,,False,
P32,Restaurant,DUNKIN DONUTS,1117 W GRANVILLE AVE,EDGEWATER,(773) 754-0863,https://locations.dunkindonuts.com/en/il/chicago/1117-w-granville-ave/355398/,,Mo-Sa 05:00-18:00; Su 06:00-18:00,,,False,
P32,Restaurant,Dunkin',1117 West Granville Avenue,EDGEWATER,(773) 754-0863,https://locations.dunkindonuts.com/en/il/chicago/1117-w-granville-ave/355398/,,Mo-Sa 05:00-18:00; Su 06:00-18:00,,,False,
P32,Restaurant,FALAFEL KEBAB,1133 W GRANVILLE AVE 1ST,EDGEWATER,(773) 754-8569,https://falafelkebab.com/,,,,,False,
P32,Restaurant,Falafel Kebab,1133 West Granville Avenue,,(773) 754-8569,https://falafelkebab.com/,,,,,False,
P32,Restaurant,Gino's North,1111 West Granville Avenue,,(773) 465-1616,https://www.ginosnorth.net/,,,,,False,
P32,Restaurant,JERSEY MIKES,6153 N BROADWAY   1,EDGEWATER,,,,,,,False,
P32,Restaurant,Jimmy John's,"Chicago, IL 60660",,,,,,,,False,
P32,Restaurant,Similan Thai - Sushi Restaurant,1123 W GRANVILLE AVE,EDGEWATER,,,,,,,False,
P32,Restaurant,Subway,1139 West Granville Avenue,,(773) 465-7827,https://restaurants.subway.com/united-states/il/chicago/1139-w-granville-ave,,07:30-22:30,,,False,
P32,Restaurant,WALGREENS #15197,6121 N BROADWAY,EDGEWATER,,,,,,,False,
P32,Restaurant/Bar,BEARD & BELLY / HONEYPIE,6155-6157 N BROADWAY  BSMT-1,EDGEWATER,,,,,,,False,
P32,Restaurant/Bar,GINO'S NORTH PIZZERIA,1111 W GRANVILLE AVE 1,EDGEWATER,,,,,,,False,
P32,Restaurant/Bar,SUSUPUATO RESTAURANT & TAQUERIA,6161 N BROADWAY  1,EDGEWATER,,,,,,,False,
P32,Studio/Arts,AARTWERK STUDIO LLC,1141 W GRANVILLE AVE 1ST,EDGEWATER,,,,,,,False,
P33,Bar/Nightlife,MALIBU MARKET,6033 N SHERIDAN RD 1,EDGEWATER,,,,,,,False,
P33,Other Business,BEZZ TRAINING,6033 N SHERIDAN RD 1 CW03S,EDGEWATER,,,,,,,False,
P33,Other Business,PIOOEER PARKING,6007 N SHERIDAN RD BSMT- 1-3,EDGEWATER,,,,,,,False,
P33,Other Business,STANDARD PARKING CORP,6033 N SHERIDAN RD,EDGEWATER,,,,,,,False,
P34,Auto Services,AUTOZONE #1917,6201-6215 N CLARK ST 1 1,EDGEWATER,,,,,,,False,
P34,Auto Services,CANTIC AUTO REPAIR,6249 N CLARK ST,EDGEWATER,,,,,,,False,
P34,Bar/Nightlife,MEMORIES PUB,6325 N CLARK ST,EDGEWATER,,,,,,,False,
P34,Bar/Nightlife,Memories,"Chicago, IL 60660",,,,,,,,False,
P34,Bar/Nightlife,RANDALL'S PUB,6341 N CLARK ST GROUND,EDGEWATER,,,,,,,False,
P34,Bar/Nightlife,Randall's Pub,"Chicago, IL 60660",,,,,,,,False,
P34,Beauty/Salon,AFROFAMILIA BEAUTY SUPPLY,6301 N CLARK ST 1,EDGEWATER,,,,,,,False,
P34,Beauty/Salon,EBENEZER FAMILY BEAUTY SALON INC.,6337 N CLARK ST,EDGEWATER,,,,,,,False,
P34,Beauty/Salon,Ebenezer Family Beauty Salon,"Chicago, IL 60660",,,,,,,,False,
P34,Dental Office,Devon Dental,"Chicago, IL 60660",,,,,,,,False,
P34,Grocery/Food Retail,La Unica Food Mart,1515 West Devon Avenue,,(773) 274-7788,https://www.launicafoodmart.us/,,Mo-Sa 08:30-21:00; Su 08:30-17:00,,,False,
P34,Grocery/Food Retail,SKM Convenience,"Chicago, IL 60660",,,,,,,,False,
P34,Laundromat/Dry Cleaner,J&R CLEANERS ALTERATIONS & TAILORING LLC,1457 W DEVON AVE,EDGEWATER,,,,,,,False,
P34,Other Business,6311ARTS,6311 N CLARK ST MAIN,EDGEWATER,,,,,,,False,
P34,Other Business,"ALLIGATOR RECORDS & ARTIST MANAGEMENT, INC.",1441 W DEVON AVE 1-3,EDGEWATER,,,,,,,False,
P34,Other Business,AVERY'S HAIR EMPORIUM,1455 1/2 W DEVON AVE,EDGEWATER,,,,,,,False,
P34,Other Business,EVE CLEANER,1457 W DEVON AVE 1ST,EDGEWATER,,,,,,,False,
P34,Other Business,"GARY'S CYCLE SHOP, INC.",6317 N CLARK ST 1ST,EDGEWATER,,,,,,,False,
P34,Other Business,HEIRLOOM BOOKS NFP,6239 N CLARK ST GROUND,EDGEWATER,,,,,,,False,
P34,Other Business,IMMEDIATE TAX SERVICE,6333 N CLARK ST 1ST B,EDGEWATER,,,,,,,False,
P34,Other Business,JACKSON HEWITT,6219 N CLARK ST,EDGEWATER,,,,,,,False,
P34,Other Business,JESUS ROBERTO CLARA ENRIQUEZ,6323 N CLARK ST,EDGEWATER,,,,,,,False,
P34,Other Business,"MATHEW KLUJIAN & SONS, INC",1421 W DEVON AVE  1,EDGEWATER,,,,,,,False,
P34,Other Business,PLUM PRODUCTIONS,1545 W ROSEMONT AVE 2ND,EDGEWATER,,,,,,,False,
P34,Restaurant,CILANTRO AUTHENTIC THAI FOOD,1509 W DEVON AVE STORE,EDGEWATER,,,,,,,False,
P34,Restaurant,Cozy Corner,6349 North Clark Street,,(773) 274-1100,https://www.cozycornerrestaurant.com/,,Mo-Su 07:00-15:00,,,False,
P34,Restaurant,GEORGE'S DEEP DISH,6221 N CLARK ST  1,EDGEWATER,,https://georgesdeepdish.com/,,,,,False,
P34,Restaurant,George's Deep Dish,6221 North Clark Street,,,https://georgesdeepdish.com/,,,,,False,
P34,Restaurant,KYOTO BLACK,1445 W DEVON AVE 1ST,EDGEWATER,,,,,,,False,
P34,Restaurant,SAYURI SUSHI BAR,1553 W DEVON AVE,EDGEWATER,,,,,,,False,
P34,Restaurant/Bar,COZY CORNER RESTAURANT,6349-6353 N CLARK ST 1ST,EDGEWATER,,,,,,,False,
P34,Retail Shop,AutoZone,6201 North Clark Street,,,https://www.autozone.com/locations/il/chicago/6201-n-clark-st.html,,,,,False,
P34,Retail Shop,Dry Cleaner,"Chicago, IL 60660",,,,,,,,False,
P34,Retail Shop,Eve's Cleaners,"Chicago, IL 60660",,,,,,,,False,
P34,Retail Shop,Gary's Cycle Shop,6317 North Clark Street,,,,,,,,False,
P34,Retail Shop,HARMONY ART GLASS COMPANY,6321 N CLARK ST 1ST,EDGEWATER,,,,,,,False,
P34,Retail Shop,Harmony Art Glass Company,"Chicago, IL 60660",,,,,,,,False,
P34,Retail Shop,Heirloom Used Books,"Chicago, IL 60660",,,,,,,,False,
P34,Retail Shop,Kyoto coffee,1445 West Devon Avenue,,,,,,,,False,
P34,Retail Shop,PLEASANT TRAVEL & TOURS INC,6257 N CLARK ST,EDGEWATER,(773) 508-1927,http://pleasanttravelchicago.com,,Mo-Fr 09:30-18:30; Sa 10:30-14:00,,,False,
P34,Retail Shop,Pleasant Travel,6257 North Clark Street,EDGEWATER,(773) 508-1927,http://pleasanttravelchicago.com,,Mo-Fr 09:30-18:30; Sa 10:30-14:00,,,False,
P34,Studio/Arts,STREET BIRD STUDIO LLC,1454 W THOME AVE 2,EDGEWATER,,,,,,,False,
P34,Tobacco/Vape Shop,MILAN HOOKAH LOUNGE,1527 W DEVON AVE 1ST,EDGEWATER,,,,,,,False,
P34,Tobacco/Vape Shop,SKM GROCERY,1455 W DEVON AVE,EDGEWATER,,,,,,,False,
P34,Veterinary,VCA Animal Hospital,1545 West Devon Avenue,,,https://vcahospitals.com/misener-holley,,,,,False,
P35,Auto Services,POLLOOS MUFFLERS & BRAKES INC.,6059 N CLARK ST,EDGEWATER,,,,,,,False,
P35,Beauty/Salon,D A BARBER SHOP,5975 N CLARK ST,EDGEWATER,,,,,,,False,
P35,Cultural/Tourism,Young Lincoln Statue,"Chicago, IL 60660",,,,,,,,False,
P35,Financial,Old National Bank,6041 North Clark Street,,,,,,,,False,
P35,Grocery/Food Retail,ALMITA SUPER MARKET,5957 N CLARK ST 1ST,EDGEWATER,,,,,,,False,
P35,Other Business,AGNOSCO,1431 W ELMDALE AVE GRDN G,EDGEWATER,,,,,,,False,
P35,Other Business,CUSTOM LAUNDRY,6133 N CLARK ST 1ST,EDGEWATER,,,,,,,False,
P35,Other Business,EAMON ANDREW DALY,1511 W NORWOOD ST,EDGEWATER,,,,,,,False,
P35,Other Business,EKF MARTIAL ARTS NFP,5951 N CLARK ST 1 1,EDGEWATER,,,,,,,False,
P35,Other Business,ISOHOPE LLC,1457 W ELMDALE AVE 1 1,EDGEWATER,,,,,,,False,
P35,Other Business,MINAS TV & VIDEO,6137 N CLARK ST,EDGEWATER,,,,,,,False,
P35,Other Business,"SWEET HOME FURNITURE & RUG CO. ,INC",5965-5969 N CLARK ST 1ST,EDGEWATER,,,,,,,False,
P35,Restaurant,Boukarou Lounge,"Chicago, IL 60660",,,,,,,,False,
P35,Restaurant,Huaraches Dona Chio,1547 West Elmdale Avenue,,,,,,,,False,
P35,Restaurant,Ino's Pizzeria,5973 North Clark Street,,(773) 275-8830,,,,,,False,
P35,Restaurant/Bar,RAVEN THEATRE COMPANY,6157 N CLARK ST 1,EDGEWATER,,,,,,,False,
P35,Retail Shop,Minas,"Chicago, IL 60660",,,,,,,,False,
P35,Theatre,Raven Theatre,6157 North Clark Street,,,,,,,,False,
